date,u_30hpa_ms,soundings
2010-01-01,-30.981655,2
2010-01-02,-28.800000,1
2010-01-03,-26.950151,2
2010-01-04,-26.053628,2
2010-01-05,-22.514000,1
2010-01-06,-23.012098,1
2010-01-07,-27.592626,2
2010-01-08,-26.559391,2
2010-01-09,-26.399159,2
2010-01-10,-20.700911,2
2010-01-11,-20.471801,2
2010-01-12,-24.450982,2
2010-01-13,-25.653609,1
2010-01-14,-27.335030,2
2010-01-15,-29.302895,2
2010-01-16,-28.034031,2
2010-01-17,-26.296424,2
2010-01-18,-29.938156,2
2010-01-19,-34.683407,2
2010-01-20,-31.591208,2
2010-01-21,-25.203986,2
2010-01-22,-22.933235,2
2010-01-23,-26.069972,2
2010-01-24,-28.835030,2
2010-01-25,-29.736412,2
2010-01-26,-27.746155,2
2010-01-27,-24.157982,2
2010-01-28,-24.657000,2
2010-01-29,-22.428328,2
2010-01-30,-26.240881,2
2010-01-31,-22.206443,2
2010-02-01,-27.196115,2
2010-02-02,-27.495234,2
2010-02-03,-27.308578,2
2010-02-04,-29.642713,2
2010-02-05,-29.789305,2
2010-02-06,-27.146306,2
2010-02-07,-31.101738,2
2010-02-08,-26.749783,2
2010-02-09,-23.924796,2
2010-02-10,-25.309559,1
2010-02-11,-27.694213,2
2010-02-12,-24.700000,1
2010-02-13,-22.938928,2
2010-02-14,-27.377656,1
2010-02-15,-26.504733,2
2010-02-16,-26.448058,2
2010-02-17,-22.223480,2
2010-02-18,-26.698018,1
2010-02-19,-22.749059,2
2010-02-20,-25.309559,1
2010-02-21,-26.343607,2
2010-02-22,-29.850000,2
2010-02-23,-27.317850,2
2010-02-24,-28.277387,2
2010-02-25,-31.536451,2
2010-02-26,-29.534454,2
2010-02-27,-24.997362,2
2010-02-28,-30.874775,2
2010-03-01,-31.287403,2
2010-03-02,-33.087403,2
2010-03-03,-26.726804,2
2010-03-04,-26.240881,2
2010-03-05,-24.200000,1
2010-03-06,-26.076428,2
2010-03-07,-26.846424,2
2010-03-08,-19.991597,2
2010-03-09,-22.719972,2
2010-03-10,-23.609814,1
2010-03-11,-27.694213,2
2010-03-12,-29.296155,2
2010-03-13,-26.750000,2
2010-03-14,-24.107912,1
2010-03-15,-23.030673,2
2010-03-16,-22.423181,2
2010-03-17,-23.540474,2
2010-03-18,-25.784888,2
2010-03-19,-29.546155,2
2010-03-20,-31.161482,2
2010-03-21,-28.523589,2
2010-03-22,-30.483558,2
2010-03-23,-27.195204,2
2010-03-24,-23.789722,2
2010-03-25,-23.339944,1
2010-03-26,-26.296424,2
2010-03-27,-32.645840,2
2010-03-28,-30.922963,1
2010-03-29,-26.648208,2
2010-03-30,-27.694252,2
2010-03-31,-30.922963,1
2010-04-01,-28.028338,2
2010-04-02,-23.536905,2
2010-04-03,-20.521611,1
2010-04-04,-29.188505,1
2010-04-05,-32.877239,2
2010-04-06,-28.747106,2
2010-04-07,-23.700000,1
2010-04-08,-19.973704,2
2010-04-09,-27.377656,1
2010-04-10,-31.400000,2
2010-04-11,-31.911482,2
2010-04-12,-29.437553,2
2010-04-13,-28.784590,1
2010-04-14,-23.362395,2
2010-04-15,-27.013966,2
2010-04-16,-30.580338,2
2010-04-17,-25.700000,2
2010-04-18,-22.015903,1
2010-04-19,-28.028338,2
2010-04-20,-28.690407,1
2010-04-21,-26.952053,2
2010-04-22,-26.736132,2
2010-04-23,-31.529562,2
2010-04-24,-30.289305,2
2010-04-25,-23.474879,2
2010-04-26,-25.608571,2
2010-04-27,-26.542626,2
2010-04-28,-27.196155,2
2010-04-29,-26.150151,2
2010-04-30,-24.988828,2
2010-05-01,-22.749059,1
2010-05-02,-21.850000,2
2010-05-03,-21.557000,2
2010-05-04,-25.353155,2
2010-05-05,-26.312147,2
2010-05-06,-25.152053,2
2010-05-07,-28.031185,2
2010-05-08,-30.284319,1
2010-05-09,-27.377656,1
2010-05-10,-29.686602,1
2010-05-11,-33.870620,1
2010-05-12,-34.866814,1
2010-05-13,-32.774806,1
2010-05-14,-36.859204,1
2010-05-15,-24.766174,2
2010-05-16,-23.832348,1
2010-05-17,-22.514000,1
2010-05-18,-18.285767,2
2010-05-19,-21.517805,1
2010-05-21,-22.976485,2
2010-05-22,-22.966174,2
2010-05-23,-30.100000,2
2010-05-24,-28.989266,2
2010-05-25,-24.997362,2
2010-05-27,-26.123455,1
2010-05-28,-28.362463,1
2010-05-29,-32.700000,2
2010-05-30,-28.690407,1
2010-05-31,-24.037624,2
2010-06-01,-24.262376,2
2010-06-02,-25.766127,2
2010-06-03,-29.138828,2
2010-06-04,-29.487363,2
2010-06-05,-22.106691,2
2010-06-06,-21.271847,2
2010-06-07,-21.720781,2
2010-06-08,-30.168101,2
2010-06-09,-35.863009,2
2010-06-10,-45.104195,1
2010-06-11,-31.101258,2
2010-06-12,-30.540257,2
2010-06-13,-32.774806,1
2010-06-14,-35.310602,2
2010-06-15,-28.274540,2
2010-06-16,-33.839012,2
2010-06-17,-31.353634,2
2010-06-18,-31.529562,2
2010-06-19,-33.338021,2
2010-06-20,-29.384888,2
2010-06-21,-22.078798,2
2010-06-22,-18.922412,1
2010-06-23,-22.226446,2
2010-06-24,-28.800000,1
2010-06-25,-26.698018,1
2010-06-26,-35.500000,2
2010-06-27,-29.150309,2
2010-06-28,-21.604537,2
2010-06-29,-24.465380,2
2010-06-30,-26.885252,1
2010-07-01,-25.104106,2
2010-07-02,-37.456921,1
2010-07-03,-25.151102,2
2010-07-04,-16.691750,2
2010-07-05,-4.350000,2
2010-07-06,2.295526,2
2010-07-07,22.291801,2
2010-07-08,14.181232,1
2010-07-09,-13.026326,2
2010-07-10,-9.323881,2
2010-07-11,-9.466073,1
2010-07-12,-14.748724,2
2010-07-13,-12.431843,2
2010-07-14,-8.969017,2
2010-07-15,-12.450955,2
2010-07-16,-16.410948,2
2010-07-17,-8.607025,2
2010-07-18,4.314691,2
2010-07-19,2.916367,2
2010-07-20,2.831542,1
2010-07-21,2.198918,2
2010-07-22,1.060262,1
2010-07-23,3.326962,2
2010-07-25,2.861764,2
2010-07-26,-6.317694,2
2010-07-27,3.028547,2
2010-07-28,-1.875205,2
2010-07-29,-13.110370,2
2010-07-30,-15.400000,1
2010-07-31,7.484546,2
2010-08-01,13.426369,1
2010-08-02,24.200000,1
2010-08-03,22.159329,2
2010-08-04,21.019708,2
2010-08-05,15.288726,2
2010-08-06,9.526367,2
2010-08-07,6.375646,2
2010-08-08,10.509854,2
2010-08-09,3.655541,2
2010-08-10,9.046003,2
2010-08-11,16.536501,2
2010-08-12,15.064457,2
2010-08-13,11.620731,1
2010-08-14,10.513170,2
2010-08-15,2.078129,2
2010-08-16,3.431765,2
2010-08-17,2.367368,2
2010-08-18,4.277260,2
2010-08-19,5.828117,2
2010-08-21,14.528688,2
2010-08-22,25.353155,2
2010-08-23,21.019708,1
2010-08-24,14.181232,2
2010-08-25,8.316750,2
2010-08-26,16.734588,2
2010-08-27,14.173644,2
2010-08-28,5.842642,2
2010-08-29,7.655636,2
2010-08-30,13.913184,2
2010-08-31,15.361917,2
2010-09-01,15.864759,2
2010-09-02,11.990616,2
2010-09-03,18.370991,2
2010-09-04,17.931505,1
2010-09-05,7.884878,1
2010-09-06,10.260805,1
2010-09-07,16.500000,2
2010-09-08,14.668606,2
2010-09-09,6.453699,2
2010-09-10,6.142340,2
2010-09-11,5.627904,2
2010-09-12,6.657629,2
2010-09-13,5.447970,2
2010-09-14,9.312586,2
2010-09-15,16.372443,2
2010-09-16,20.237799,2
2010-09-17,18.106480,2
2010-09-18,14.536818,2
2010-09-19,20.360778,2
2010-09-20,20.513796,2
2010-09-21,18.500000,1
2010-09-22,18.324006,1
2010-09-23,17.555427,2
2010-09-24,12.780249,2
2010-09-25,13.417784,2
2010-09-26,16.870866,2
2010-09-27,14.400000,1
2010-09-28,7.583020,1
2010-09-29,10.771611,2
2010-09-30,10.578120,2
2010-10-01,7.417791,2
2010-10-02,12.687272,2
2010-10-03,16.437213,1
2010-10-04,16.249328,1
2010-10-05,21.019708,1
2010-10-06,21.346961,1
2010-10-07,20.779444,1
2010-10-08,17.216314,2
2010-10-09,13.765092,2
2010-10-10,12.552053,2
2010-10-11,11.257000,1
2010-10-12,10.210996,2
2010-10-13,7.422581,2
2010-10-14,10.721777,2
2010-10-15,17.342312,2
2010-10-16,19.810025,2
2010-10-17,20.511757,2
2010-10-18,19.794636,1
2010-10-19,21.468809,2
2010-10-20,20.863998,1
2010-10-21,22.514000,1
2010-10-22,19.563823,2
2010-10-23,7.618114,1
2010-10-24,10.572749,2
2010-10-25,7.033046,2
2010-10-26,7.321053,2
2010-10-27,9.949036,1
2010-10-28,10.090908,2
2010-10-29,9.353074,1
2010-10-30,16.000000,1
2010-10-31,18.321426,2
2010-11-01,18.118717,2
2010-11-02,18.711347,1
2010-11-03,15.701711,2
2010-11-04,14.847289,2
2010-11-05,13.788800,1
2010-11-06,15.939115,1
2010-11-07,15.658443,1
2010-11-08,15.461482,2
2010-11-09,15.406378,2
2010-11-10,8.965752,1
2010-11-11,15.756924,1
2010-11-12,14.843301,1
2010-11-13,12.801072,2
2010-11-14,10.758903,1
2010-11-15,12.907317,2
2010-11-16,14.722432,1
2010-11-17,15.418561,2
2010-11-18,7.727407,1
2010-11-19,11.028500,2
2010-11-20,11.253036,2
2010-11-21,11.990166,2
2010-11-22,16.005604,2
2010-11-23,15.205191,2
2010-11-24,12.303005,2
2010-11-25,13.946726,1
2010-11-26,23.438425,2
2010-11-28,18.352591,1
2010-11-29,19.923894,1
2010-11-30,14.345204,1
2010-12-01,13.324804,2
2010-12-02,7.250462,1
2010-12-03,10.942371,2
2010-12-04,10.958142,1
2010-12-06,18.216787,1
2010-12-07,17.931505,1
2010-12-10,8.660254,1
2010-12-11,13.247513,2
2010-12-12,20.789139,2
2010-12-13,8.403555,1
2010-12-14,-2.990630,2
2010-12-17,5.977925,1
2010-12-18,2.511407,1
2010-12-19,4.757293,2
2010-12-20,-0.963111,2
2010-12-21,6.310525,2
2010-12-22,6.044903,2
2010-12-23,6.753618,2
2010-12-25,0.694593,1
2010-12-26,7.399971,2
2010-12-27,11.880888,1
2010-12-28,14.142136,1
2010-12-29,19.025397,2
2010-12-30,16.313540,2
2010-12-31,17.336618,2
2011-01-01,20.843254,2
2011-01-02,14.174403,2
2011-01-03,17.640087,2
2011-01-04,14.410992,2
2011-01-05,6.674504,1
2011-01-06,11.258330,1
2011-01-07,12.000000,1
2011-01-08,9.007509,2
2011-01-09,19.357668,1
2011-01-11,21.271847,1
2011-01-12,15.340657,2
2011-01-13,14.027848,2
2011-01-15,10.000000,1
2011-01-16,13.256568,2
2011-01-17,14.941113,1
2011-01-18,9.264611,1
2011-01-19,13.645907,2
2011-01-20,6.464386,2
2011-01-21,5.302266,2
2011-01-22,1.132091,2
2011-01-23,4.484405,2
2011-01-24,13.536568,2
2011-01-25,11.099336,2
2011-01-26,4.936345,1
2011-01-27,0.517638,1
2011-01-28,5.078743,1
2011-01-29,7.670699,1
2011-01-30,5.898542,1
2011-02-01,6.538048,2
2011-02-02,4.926222,1
2011-02-03,0.711958,1
2011-02-04,4.650231,2
2011-02-05,8.683242,2
2011-02-06,6.354720,2
2011-02-07,9.201357,2
2011-02-08,8.503532,2
2011-02-09,10.248527,2
2011-02-10,13.769463,2
2011-02-12,16.155467,2
2011-02-13,13.516009,1
2011-02-14,12.314697,2
2011-02-15,15.415516,2
2011-02-16,9.669046,2
2011-02-17,16.170639,2
2011-02-18,15.511468,2
2011-02-19,13.847106,2
2011-02-20,10.665511,2
2011-02-21,9.414824,2
2011-02-22,6.200000,1
2011-02-23,12.981236,2
2011-02-24,7.867211,2
2011-02-25,7.842064,2
2011-02-26,9.417163,2
2011-02-27,8.102290,2
2011-02-28,10.971409,2
2011-03-01,15.454666,2
2011-03-02,17.963850,2
2011-03-03,12.045496,2
2011-03-04,10.395118,2
2011-03-05,14.632932,2
2011-03-06,12.487717,2
2011-03-07,16.371599,2
2011-03-08,18.500000,1
2011-03-09,13.022756,1
2011-03-10,11.620731,1
2011-03-11,11.755097,1
2011-03-12,4.650254,2
2011-03-13,12.144524,1
2011-03-14,10.353969,2
2011-03-15,9.365303,2
2011-03-16,17.473194,2
2011-03-17,14.155131,2
2011-03-18,5.624392,2
2011-03-19,8.568163,2
2011-03-20,9.861173,2
2011-03-21,9.173793,2
2011-03-22,6.525416,1
2011-03-23,6.942106,2
2011-03-24,5.897895,1
2011-03-25,11.114494,2
2011-03-26,9.790928,2
2011-03-27,7.172602,1
2011-03-28,1.696466,2
2011-03-29,-2.536293,2
2011-03-30,0.663728,2
2011-04-01,11.800000,1
2011-04-03,10.618527,1
2011-04-04,13.454417,2
2011-04-05,7.761247,2
2011-04-06,8.371577,2
2011-04-07,11.147586,1
2011-04-08,9.134859,2
2011-04-09,7.727326,2
2011-04-10,9.422347,1
2011-04-11,12.453973,2
2011-04-12,10.300000,1
2011-04-13,13.050832,1
2011-04-14,10.809330,2
2011-04-15,9.949036,1
2011-04-16,10.776293,2
2011-04-17,8.965752,2
2011-04-18,11.897660,2
2011-04-19,10.055416,2
2011-04-20,7.263822,2
2011-04-21,4.009234,2
2011-04-22,10.140442,2
2011-04-23,7.437629,1
2011-04-24,5.440907,2
2011-04-25,4.697086,2
2011-04-26,7.936301,2
2011-04-27,7.920275,2
2011-04-28,8.730403,2
2011-04-29,10.241278,1
2011-04-30,8.437266,1
2011-05-01,8.932316,2
2011-05-02,11.364973,2
2011-05-03,10.281354,2
2011-05-04,4.084398,1
2011-05-05,5.520168,2
2011-05-06,12.267962,2
2011-05-07,11.945428,2
2011-05-08,11.620731,1
2011-05-09,9.105833,2
2011-05-10,14.761315,2
2011-05-11,13.904666,2
2011-05-13,9.158712,1
2011-05-14,11.397925,1
2011-05-15,12.418207,2
2011-05-16,5.849987,2
2011-05-17,-4.926222,1
2011-05-18,8.704415,2
2011-05-19,10.544062,2
2011-05-20,7.700136,2
2011-05-21,8.523269,2
2011-05-22,7.361216,2
2011-05-23,7.803213,2
2011-05-24,15.166039,1
2011-05-25,12.037753,1
2011-05-26,10.914962,1
2011-05-27,7.884878,1
2011-05-28,1.477212,1
2011-05-29,6.942106,1
2011-05-30,15.937776,1
2011-05-31,14.392295,1
2011-06-01,9.788124,1
2011-06-02,6.717047,1
2011-06-03,9.144186,2
2011-06-04,10.148680,1
2011-06-05,10.618527,1
2011-06-06,6.105808,1
2011-06-07,17.869628,2
2011-06-08,10.682610,2
2011-06-09,8.684553,2
2011-06-11,8.666894,1
2011-06-13,0.321394,2
2011-06-15,5.334261,1
2011-06-16,4.628071,1
2011-06-17,4.100000,1
2011-06-18,9.096169,2
2011-06-19,4.278963,2
2011-06-20,2.913047,1
2011-06-21,9.786087,1
2011-06-22,3.515547,2
2011-06-23,3.432259,2
2011-06-24,7.681948,2
2011-06-25,8.428662,1
2011-06-26,5.091169,1
2011-06-27,6.281564,1
2011-06-28,7.618114,1
2011-06-29,1.732735,1
2011-06-30,3.372124,2
2011-07-01,-0.583943,2
2011-07-02,3.100000,1
2011-07-03,0.931749,1
2011-07-04,2.620233,1
2011-07-05,2.665836,1
2011-07-06,-4.779973,2
2011-07-07,-4.322586,1
2011-07-08,1.734088,1
2011-07-09,-1.477212,1
2011-07-10,4.754080,1
2011-07-11,6.309189,2
2011-07-12,-2.665836,1
2011-07-13,-2.049048,1
2011-07-14,2.975575,1
2011-07-15,0.226605,1
2011-07-17,2.926362,2
2011-07-18,5.080593,1
2011-07-19,7.246486,2
2011-07-20,8.075424,1
2011-07-22,-6.286860,2
2011-07-23,-4.792432,1
2011-07-24,5.078743,1
2011-07-28,2.120525,1
2011-07-29,0.000000,1
2011-07-31,-4.129750,1
2011-08-01,-4.416730,1
2011-08-02,-1.744628,2
2011-08-04,2.380057,2
2011-08-07,3.735457,2
2011-08-08,5.829255,2
2011-08-09,-2.804565,1
2011-08-10,10.801863,2
2011-08-11,6.281564,1
2011-08-12,8.739141,1
2011-08-13,-2.620233,1
2011-08-17,8.428662,1
2011-08-18,-9.466073,1
2011-08-20,-1.250267,1
2011-08-21,2.407017,1
2011-08-22,-7.431724,1
2011-08-23,-3.269386,1
2011-08-24,-1.057570,2
2011-08-25,3.522807,1
2011-08-26,12.122035,1
2011-08-27,7.168506,2
2011-08-28,-2.408924,1
2011-08-29,3.350000,1
2011-08-31,5.570435,2
2011-09-01,1.403652,2
2011-09-02,-5.270858,1
2011-09-03,-4.206848,1
2011-09-05,-10.143520,1
2011-09-06,-10.605996,1
2011-09-07,-0.444494,1
2011-09-08,1.947282,2
2011-09-09,-3.269386,1
2011-09-10,-11.088373,1
2011-09-11,-5.611131,2
2011-09-12,-5.074340,2
2011-09-13,-1.409539,1
2011-09-14,-7.316014,2
2011-09-15,-10.182338,1
2011-09-16,1.402283,1
2011-09-17,-0.444626,2
2011-09-18,-5.593211,2
2011-09-19,-9.809035,2
2011-09-21,2.339933,2
2011-09-23,-4.011733,2
2011-09-24,-9.334970,1
2011-09-26,-4.949474,2
2011-09-27,-1.500000,1
2011-09-28,3.610330,2
2011-09-29,-0.269155,2
2011-09-30,1.783100,2
2011-10-01,-1.075810,2
2011-10-02,0.621587,2
2011-10-03,-7.020555,2
2011-10-04,-4.530116,1
2011-10-05,-8.054036,1
2011-10-06,-9.898929,1
2011-10-07,-0.941282,1
2011-10-08,-4.502924,2
2011-10-09,0.139572,2
2011-10-10,-2.925240,1
2011-10-11,-4.582496,1
2011-10-12,-7.431724,1
2011-10-13,-2.408924,1
2011-10-14,-9.956314,2
2011-10-15,4.936345,1
2011-10-16,-3.146074,2
2011-10-17,-9.728158,2
2011-10-18,-6.997735,2
2011-10-19,-8.983110,1
2011-10-20,-11.213160,2
2011-10-21,-0.798782,1
2011-10-22,-9.039776,2
2011-10-23,-15.288390,2
2011-10-24,-17.500000,1
2011-10-25,-6.512259,2
2011-10-26,-17.000000,1
2011-10-27,-16.313540,1
2011-10-28,-15.546314,2
2011-10-29,-13.449809,2
2011-10-30,-10.911380,2
2011-10-31,-10.220323,1
2011-11-01,-15.155445,1
2011-11-02,-12.205365,1
2011-11-03,-4.306677,1
2011-11-04,-10.196469,2
2011-11-05,-22.892442,1
2011-11-06,-21.764251,2
2011-11-07,-15.234419,2
2011-11-08,-16.138354,2
2011-11-09,-19.019271,2
2011-11-10,-20.521611,1
2011-11-11,-19.324530,2
2011-11-12,-23.229398,2
2011-11-13,-22.514000,1
2011-11-14,-17.407111,1
2011-11-15,-12.013735,2
2011-11-16,-18.695096,2
2011-11-17,-20.868933,2
2011-11-18,-23.832348,1
2011-11-19,-19.531881,2
2011-11-20,-27.818664,1
2011-11-21,-25.401102,2
2011-11-22,-20.615520,2
2011-11-23,-22.312887,1
2011-11-24,-21.600000,1
2011-11-25,-19.252992,2
2011-11-26,-22.015903,1
2011-11-27,-17.386665,1
2011-11-29,-19.849776,2
2011-11-30,-19.415109,1
2011-12-01,-22.600000,1
2011-12-02,-18.324006,1
2011-12-03,-25.309559,1
2011-12-05,-22.749059,1
2011-12-06,-20.863998,2
2011-12-07,-23.609814,1
2011-12-08,-19.850725,2
2011-12-09,-20.023513,1
2011-12-10,-23.479184,2
2011-12-11,-22.514000,1
2011-12-12,-19.898072,1
2011-12-13,-21.706900,1
2011-12-14,-27.196115,1
2011-12-15,-28.690407,1
2011-12-16,-29.686602,1
2011-12-17,-27.831232,2
2011-12-18,-28.800000,1
2011-12-20,-26.200000,1
2011-12-21,-28.854867,1
2011-12-22,-25.801963,1
2011-12-25,-24.200000,1
2011-12-26,-22.892442,1
2011-12-28,-25.104106,1
2011-12-29,-24.341331,1
2011-12-31,-22.106691,2
2012-01-02,-21.829924,1
2012-01-03,-27.335701,1
2012-01-04,-29.188505,1
2012-01-05,-24.606009,1
2012-01-06,-27.784983,2
2012-01-07,-28.690407,1
2012-01-08,-30.284319,1
2012-01-09,-24.200000,1
2012-01-10,-23.609814,1
2012-01-11,-27.870059,1
2012-01-12,-27.870059,1
2012-01-13,-27.800000,1
2012-01-14,-27.694213,1
2012-01-15,-22.962376,2
2012-01-16,-25.801963,1
2012-01-17,-27.694213,1
2012-01-18,-24.341331,1
2012-01-20,-18.927699,1
2012-01-22,-26.698018,1
2012-01-23,-21.764251,1
2012-01-24,-24.606009,1
2012-01-25,-17.336618,2
2012-01-26,-15.860386,1
2012-01-28,-18.927699,1
2012-01-29,-16.437213,1
2012-01-30,-18.567628,2
2012-01-31,-21.346961,1
2012-02-01,-17.854160,1
2012-02-04,-15.937776,1
2012-02-05,-22.015903,1
2012-02-06,-21.346961,1
2012-02-07,-22.600000,1
2012-02-08,-16.735633,2
2012-02-09,-18.927699,1
2012-02-10,-19.500000,1
2012-02-11,-19.425797,1
2012-02-12,-25.307257,1
2012-02-13,-28.362463,1
2012-02-14,-21.271847,1
2012-02-16,-24.107912,1
2012-02-17,-18.500000,1
2012-02-20,-25.200000,1
2012-02-23,-21.025646,2
2012-02-24,-21.271847,1
2012-02-25,-25.104106,2
2012-02-28,-20.023513,1
2012-02-29,-23.012098,1
2012-03-01,-21.019708,1
2012-03-02,-20.521611,1
2012-03-03,-17.124664,2
2012-03-04,-21.019708,1
2012-03-05,-22.304817,2
2012-03-06,-22.678328,2
2012-03-07,-24.700000,1
2012-03-09,-22.514000,1
2012-03-12,-16.914467,1
2012-03-13,-21.271847,1
2012-03-15,-22.749059,1
2012-03-16,-20.935834,2
2012-03-17,-19.000000,1
2012-03-18,-25.801963,1
2012-03-20,-21.812898,2
2012-03-21,-22.270715,1
2012-03-22,-18.137243,2
2012-03-23,-23.225534,2
2012-03-24,-20.381035,1
2012-03-25,-26.123455,1
2012-03-26,-22.514000,1
2012-03-27,-24.900151,2
2012-03-28,-22.307000,2
2012-03-29,-23.339944,1
2012-03-31,-22.514000,1
2012-04-01,-25.307257,1
2012-04-02,-26.150151,2
2012-04-03,-24.600151,2
2012-04-04,-21.517805,1
2012-04-05,-23.356049,2
2012-04-08,-21.100000,1
2012-04-09,-25.602204,1
2012-04-10,-26.100301,1
2012-04-11,-23.970130,2
2012-04-12,-24.754501,2
2012-04-13,-25.602204,1
2012-04-15,-25.309559,1
2012-04-16,-25.602204,1
2012-04-17,-24.324751,1
2012-04-18,-24.606009,1
2012-04-19,-27.849082,2
2012-04-20,-29.938156,1
2012-04-21,-27.288610,2
2012-04-22,-31.778611,1
2012-04-23,-27.335701,1
2012-04-24,-24.324751,1
2012-04-25,-23.858368,1
2012-04-26,-29.300000,1
2012-04-27,-26.593301,1
2012-04-28,-26.545433,2
2012-04-29,-24.619947,1
2012-04-30,-26.698018,1
2012-05-01,-30.922963,1
2012-05-02,-29.347271,1
2012-05-03,-27.196115,2
2012-05-05,-28.300000,1
2012-05-06,-29.300000,1
2012-05-07,-29.847108,1
2012-05-08,-31.599836,2
2012-05-09,-34.468271,1
2012-05-11,-25.801963,1
2012-05-13,-26.698018,1
2012-05-14,-28.081232,2
2012-05-15,-28.800000,1
2012-05-16,-32.400000,1
2012-05-17,-29.938156,1
2012-05-18,-26.852738,1
2012-05-19,-28.690407,1
2012-05-20,-32.276708,1
2012-05-21,-34.684359,2
2012-05-22,-32.684136,2
2012-05-23,-26.800000,1
2012-05-24,-29.938156,1
2012-05-25,-29.600000,2
2012-05-26,-33.400000,1
2012-05-27,-31.150000,2
2012-05-28,-31.400000,1
2012-05-29,-34.866814,2
2012-05-30,-33.272903,2
2012-05-31,-31.043301,2
2012-06-01,-31.031465,2
2012-06-02,-30.782416,1
2012-06-03,-30.782416,1
2012-06-04,-29.315035,2
2012-06-05,-26.100301,1
2012-06-06,-23.012098,1
2012-06-07,-30.922963,1
2012-06-08,-28.854867,1
2012-06-09,-35.945483,1
2012-06-10,-36.659965,2
2012-06-11,-35.000000,1
2012-06-12,-32.276708,1
2012-06-13,-34.500000,2
2012-06-14,-32.587403,2
2012-06-15,-35.000000,1
2012-06-16,-30.782416,1
2012-06-17,-28.192310,1
2012-06-18,-26.852738,1
2012-06-19,-24.932418,2
2012-06-20,-26.200000,1
2012-06-21,-28.300000,1
2012-06-22,-34.567956,2
2012-06-23,-33.680425,2
2012-06-24,-38.951213,2
2012-06-25,-37.771611,2
2012-06-26,-37.226558,2
2012-06-27,-36.181505,2
2012-06-28,-35.184359,2
2012-06-29,-32.900000,1
2012-06-30,-32.824615,2
2012-07-01,-32.400175,1
2012-07-02,-27.694213,1
2012-07-03,-31.778611,1
2012-07-04,-25.801963,1
2012-07-05,-31.839305,2
2012-07-06,-34.960675,1
2012-07-07,-29.487363,2
2012-07-08,-30.357439,2
2012-07-09,-34.922285,2
2012-07-10,-39.600000,1
2012-07-11,-35.364912,1
2012-07-12,-32.774806,1
2012-07-13,-32.892579,1
2012-07-14,-29.347271,1
2012-07-15,-35.115863,2
2012-07-16,-35.863009,2
2012-07-17,-38.998387,1
2012-07-18,-32.900000,1
2012-07-19,-32.892579,1
2012-07-21,-35.500000,1
2012-07-22,-35.453079,1
2012-07-23,-30.533367,2
2012-07-24,-33.400000,1
2012-07-25,-40.445505,1
2012-07-26,-34.357298,2
2012-07-27,-31.594252,2
2012-07-28,-33.975867,1
2012-07-29,-31.857994,2
2012-07-30,-28.192310,2
2012-07-31,-31.907771,1
2012-08-01,-34.500000,2
2012-08-02,-37.028772,1
2012-08-03,-37.456921,1
2012-08-05,-35.364912,2
2012-08-06,-37.456921,1
2012-08-07,-30.782416,1
2012-08-08,-34.435310,2
2012-08-09,-31.900000,1
2012-08-10,-37.456921,1
2012-08-11,-38.100000,1
2012-08-12,-32.900000,1
2012-08-13,-35.436451,2
2012-08-14,-35.432456,2
2012-08-15,-33.380961,2
2012-08-16,-29.300000,1
2012-08-17,-33.023854,2
2012-08-18,-29.800000,1
2012-08-19,-36.537934,2
2012-08-20,-34.368717,1
2012-08-21,-37.456921,1
2012-08-22,-33.086451,2
2012-08-23,-38.702164,2
2012-08-25,-33.465280,2
2012-08-26,-33.385310,2
2012-08-27,-34.116789,2
2012-08-28,-33.870620,1
2012-08-29,-36.725606,2
2012-08-30,-34.866814,1
2012-08-31,-35.500000,1
2012-09-01,-32.400175,1
2012-09-02,-28.745066,2
2012-09-03,-34.626843,2
2012-09-04,-37.955018,1
2012-09-05,-37.955018,2
2012-09-06,-37.600000,1
2012-09-07,-37.028772,1
2012-09-08,-29.396511,2
2012-09-09,-30.284319,1
2012-09-10,-29.794252,2
2012-09-11,-30.900000,1
2012-09-12,-34.000000,1
2012-09-13,-37.000000,1
2012-09-14,-39.449310,1
2012-09-15,-37.600000,1
2012-09-16,-34.136451,2
2012-09-17,-30.400000,1
2012-09-18,-35.364912,1
2012-09-19,-34.234136,2
2012-09-20,-31.043389,2
2012-09-21,-29.188505,1
2012-09-22,-38.013579,1
2012-09-23,-37.472752,2
2012-09-24,-34.000000,2
2012-09-25,-28.690407,1
2012-09-26,-34.298781,1
2012-09-27,-37.740943,2
2012-09-28,-29.311435,2
2012-09-29,-24.903956,2
2012-09-30,-27.694213,1
2012-10-01,-41.387040,2
2012-10-02,-38.850000,2
2012-10-03,-35.364912,1
2012-10-04,-32.774806,1
2012-10-05,-33.272903,1
2012-10-06,-34.368717,1
2012-10-07,-34.382456,2
2012-10-08,-33.680425,2
2012-10-09,-28.362463,1
2012-10-10,-33.400000,1
2012-10-11,-33.950088,2
2012-10-13,-37.600000,1
2012-10-14,-31.031465,2
2012-10-15,-30.782416,1
2012-10-16,-30.592159,2
2012-10-17,-33.975867,1
2012-10-18,-34.119668,2
2012-10-19,-32.774806,1
2012-10-20,-35.000000,1
2012-10-22,-34.069859,2
2012-10-23,-28.690407,1
2012-10-24,-35.000000,1
2012-10-25,-38.600000,1
2012-10-26,-31.661482,2
2012-10-28,-30.289480,2
2012-10-29,-36.000000,1
2012-10-30,-30.483558,2
2012-10-31,-28.690407,1
2012-11-01,-32.276708,1
2012-11-02,-37.158062,2
2012-11-03,-36.361106,1
2012-11-04,-41.700000,1
2012-11-05,-36.859204,1
2012-11-06,-34.136451,2
2012-11-07,-26.392848,1
2012-11-08,-30.540257,2
2012-11-09,-32.830961,2
2012-11-11,-37.777509,2
2012-11-12,-35.863009,1
2012-11-14,-41.066483,1
2012-11-15,-36.859204,1
2012-11-16,-33.117748,2
2012-11-17,-32.841478,1
2012-11-18,-36.430553,2
2012-11-19,-35.000000,1
2012-11-20,-30.922963,1
2012-11-21,-28.300000,1
2012-11-22,-25.748477,2
2012-11-23,-35.000000,1
2012-11-24,-36.500000,1
2012-11-25,-32.892579,1
2012-11-26,-32.950000,2
2012-11-27,-31.778611,1
2012-11-28,-31.400000,1
2012-11-29,-31.153886,2
2012-11-30,-30.234509,2
2012-12-01,-39.528400,2
2012-12-02,-33.975867,1
2012-12-04,-20.222752,2
2012-12-05,-34.368717,1
2012-12-06,-15.821166,2
2012-12-07,-15.839496,1
2012-12-08,-23.514314,2
2012-12-09,-24.201529,2
2012-12-10,-14.400000,1
2012-12-11,-32.774806,1
2012-12-12,-24.289049,1
2012-12-14,-26.698018,1
2012-12-15,-19.794636,1
2012-12-16,9.762708,1
2012-12-17,1.732735,1
2012-12-18,-10.260805,1
2012-12-20,-14.181232,1
2012-12-21,-13.582254,2
2012-12-22,-8.075424,1
2012-12-23,-14.181232,1
2012-12-24,-15.658443,1
2012-12-25,-20.600000,1
2012-12-26,1.060262,1
2012-12-27,-4.669167,1
2012-12-28,6.664587,1
2012-12-29,-1.720219,1
2012-12-30,-0.633927,1
2012-12-31,-1.818653,1
2013-01-02,-7.884878,1
2013-01-03,-5.100000,1
2013-01-04,4.530116,1
2013-01-06,-3.600000,1
2013-01-07,-7.534421,1
2013-01-08,-11.128328,1
2013-01-09,-10.914962,1
2013-01-10,-4.416539,1
2013-01-11,-6.674504,1
2013-01-12,-2.192031,1
2013-01-13,-15.860386,1
2013-01-14,-23.858368,1
2013-01-15,-5.650000,1
2013-01-16,-5.285852,2
2013-01-17,2.633555,1
2013-01-18,13.688828,1
2013-01-19,11.558219,1
2013-01-20,9.264611,1
2013-01-21,-6.942106,1
2013-01-22,-9.262838,2
2013-01-23,3.715862,1
2013-01-25,1.054839,2
2013-01-26,-3.269386,1
2013-01-29,-9.475231,1
2013-01-30,-15.358221,1
2013-01-31,-9.891394,2
2013-02-01,-14.334902,2
2013-02-02,-6.176407,1
2013-02-03,-9.665994,1
2013-02-04,-6.235383,1
2013-02-05,-4.936345,1
2013-02-06,9.039324,1
2013-02-08,-2.560500,1
2013-02-09,8.175326,1
2013-02-10,8.567827,1
2013-02-11,1.349854,1
2013-02-12,10.241278,1
2013-02-13,-0.625133,1
2013-02-14,3.550704,1
2013-02-16,10.652112,1
2013-02-17,-9.039324,1
2013-02-18,-2.536427,1
2013-02-19,0.671099,1
2013-02-20,-12.113135,1
2013-02-21,-0.000000,1
2013-02-23,7.230744,2
2013-02-24,-0.540366,1
2013-02-25,0.672930,1
2013-02-26,6.500585,2
2013-02-27,19.794636,1
2013-02-28,19.724655,2
2013-03-01,14.061906,2
2013-03-02,7.338071,2
2013-03-03,5.356248,1
2013-03-04,11.257000,1
2013-03-05,8.162708,2
2013-03-06,6.299319,1
2013-03-07,-1.934021,2
2013-03-08,11.300000,1
2013-03-09,15.937776,1
2013-03-10,12.990616,2
2013-03-11,7.583020,1
2013-03-12,9.707555,2
2013-03-13,22.015903,2
2013-03-14,14.181232,1
2013-03-15,2.328987,2
2013-03-16,-12.264164,2
2013-03-17,19.685442,2
2013-03-18,14.923554,2
2013-03-19,5.583314,2
2013-03-20,20.600000,1
2013-03-21,15.567013,2
2013-03-22,16.437213,1
2013-03-23,5.802370,1
2013-03-24,18.352591,1
2013-03-25,11.880888,1
2013-03-26,12.253195,1
2013-03-27,6.761045,2
2013-03-28,3.523804,1
2013-03-29,1.744303,1
2013-03-30,4.354023,2
2013-03-31,0.413395,2
2013-04-01,-2.899138,1
2013-04-02,9.788124,1
2013-04-03,4.749476,1
2013-04-05,13.900000,2
2013-04-07,7.636753,1
2013-04-09,23.012098,1
2013-04-10,16.741732,1
2013-04-11,10.690764,2
2013-04-12,6.471703,1
2013-04-13,-4.799959,2
2013-04-14,4.530116,1
2013-04-15,8.920062,1
2013-04-16,5.080593,1
2013-04-17,4.416730,1
2013-04-19,16.664801,2
2013-04-20,14.523524,2
2013-04-21,15.950000,2
2013-04-23,17.433407,1
2013-04-24,13.349009,2
2013-04-25,16.500000,1
2013-04-26,14.532965,2
2013-04-27,9.665994,1
2013-04-28,5.613141,2
2013-04-29,4.384062,1
2013-04-30,3.465470,1
2013-05-03,19.827514,2
2013-05-04,14.642776,2
2013-05-05,7.200000,1
2013-05-06,16.437213,1
2013-05-07,17.726540,1
2013-05-08,21.100000,1
2013-05-09,17.219848,1
2013-05-10,11.147586,1
2013-05-12,13.698018,2
2013-05-13,-7.291577,2
2013-05-14,6.652062,2
2013-05-16,6.664587,1
2013-05-17,2.651735,2
2013-05-18,13.061727,1
2013-05-19,5.443031,2
2013-05-20,13.847106,2
2013-05-22,13.400000,1
2013-05-23,14.843301,1
2013-05-25,8.075424,1
2013-05-26,6.546827,2
2013-05-27,20.863998,1
2013-05-28,7.670699,1
2013-05-29,6.471703,1
2013-05-30,16.935310,1
2013-05-31,8.429509,2
2013-06-01,14.673636,1
2013-06-03,20.779444,1
2013-06-04,10.758903,1
2013-06-05,14.524223,2
2013-06-06,6.295941,1
2013-06-08,11.128328,1
2013-06-09,19.203751,1
2013-06-12,17.726540,1
2013-06-13,18.429602,1
2013-06-14,28.192310,1
2013-06-16,17.219848,1
2013-06-17,15.400000,1
2013-06-18,13.061727,1
2013-06-19,7.583020,1
2013-06-20,16.935310,1
2013-06-21,22.514000,1
2013-06-22,6.717047,1
2013-06-23,19.000000,1
2013-06-25,15.839496,1
2013-06-27,17.931505,1
2013-06-28,19.500000,1
2013-06-29,12.704020,1
2013-06-30,14.875258,1
2013-07-01,10.694432,1
2013-07-02,12.597678,1
2013-07-03,16.935310,1
2013-07-04,13.196424,1
2013-07-05,12.460443,1
2013-07-07,12.850912,1
2013-07-08,18.711347,1
2013-07-09,20.914379,2
2013-07-10,2.883581,2
2013-07-11,8.920062,1
2013-07-12,8.432096,2
2013-07-13,10.143520,1
2013-07-14,14.001420,1
2013-07-15,11.506049,2
2013-07-16,9.207133,2
2013-07-17,10.260805,1
2013-07-18,16.437213,1
2013-07-20,10.043044,2
2013-07-21,19.575458,2
2013-07-22,18.268184,2
2013-07-23,17.726540,2
2013-07-24,19.604872,2
2013-07-25,18.218943,1
2013-07-26,14.900000,1
2013-07-28,17.290574,2
2013-07-29,19.593136,2
2013-07-30,23.609814,1
2013-07-31,18.954138,2
2013-08-01,13.522725,2
2013-08-02,3.523804,1
2013-08-04,14.149976,2
2013-08-05,5.897895,1
2013-08-06,13.688828,1
2013-08-08,16.424504,2
2013-08-09,13.503986,1
2013-08-10,19.068572,2
2013-08-11,8.273876,2
2013-08-12,-3.088204,1
2013-08-13,16.511970,2
2013-08-14,16.516213,2
2013-08-15,8.319337,2
2013-08-16,12.122035,1
2013-08-17,12.007411,2
2013-08-18,4.639927,2
2013-08-19,10.513119,2
2013-08-20,15.223020,2
2013-08-21,19.550000,2
2013-08-22,16.794974,2
2013-08-23,12.823713,2
2013-08-24,13.712670,2
2013-08-25,16.987934,2
2013-08-26,9.334970,1
2013-08-27,15.699233,2
2013-08-28,3.250128,2
2013-08-29,8.079079,2
2013-08-30,9.550302,2
2013-09-01,19.377607,2
2013-09-02,8.739141,1
2013-09-03,9.656908,2
2013-09-04,12.881004,2
2013-09-05,15.358221,1
2013-09-06,9.405625,2
2013-09-07,13.017962,2
2013-09-08,20.921709,2
2013-09-09,14.875258,1
2013-09-10,13.909332,1
2013-09-11,12.680864,2
2013-09-12,13.794359,2
2013-09-13,15.748969,2
2013-09-14,8.718799,2
2013-09-15,10.241278,1
2013-09-17,16.547101,2
2013-09-19,8.947368,2
2013-09-20,13.234863,2
2013-09-21,12.704020,1
2013-09-22,16.200088,2
2013-09-23,16.686261,2
2013-09-24,22.600000,1
2013-09-25,12.300000,1
2013-09-28,5.613404,1
2013-09-29,17.044726,2
2013-09-30,19.203751,1
2013-10-01,12.704020,1
2013-10-02,7.670699,2
2013-10-03,10.461359,2
2013-10-04,16.722310,2
2013-10-05,9.661455,2
2013-10-06,5.871596,2
2013-10-07,7.909033,2
2013-10-08,13.688828,1
2013-10-09,13.397802,2
2013-10-10,-2.413710,1
2013-10-11,-3.088204,1
2013-10-12,8.027690,1
2013-10-13,13.426369,1
2013-10-14,20.969898,2
2013-10-15,16.015989,2
2013-10-16,15.358221,1
2013-10-17,18.465145,2
2013-10-18,12.903779,1
2013-10-19,10.541370,2
2013-10-21,12.253195,1
2013-10-22,12.037753,1
2013-10-23,22.749059,1
2013-10-24,22.100000,1
2013-10-25,16.011547,2
2013-10-26,7.172602,1
2013-10-27,10.148680,2
2013-10-28,11.600000,2
2013-10-29,13.331744,2
2013-10-30,-0.173648,1
2013-10-31,9.949036,1
2013-11-01,11.620731,1
2013-11-02,14.410294,1
2013-11-03,8.153870,2
2013-11-04,8.739141,1
2013-11-05,6.668396,1
2013-11-06,10.800000,1
2013-11-07,5.912555,2
2013-11-08,5.091169,1
2013-11-09,7.618114,1
2013-11-10,3.977769,2
2013-11-11,11.414062,1
2013-11-12,18.465145,2
2013-11-13,20.865206,2
2013-11-14,18.816677,2
2013-11-15,14.673636,1
2013-11-16,18.759854,2
2013-11-17,23.375405,1
2013-11-18,14.875258,1
2013-11-19,17.965752,2
2013-11-20,11.558219,1
2013-11-21,6.784297,2
2013-11-23,9.927173,2
2013-11-24,8.827258,2
2013-11-25,3.852740,1
2013-11-26,5.309263,2
2013-11-27,1.962224,1
2013-11-28,10.618527,1
2013-11-29,17.215752,2
2013-11-30,14.875258,1
2013-12-01,8.149802,2
2013-12-02,6.235383,1
2013-12-03,7.884878,1
2013-12-04,12.820639,2
2013-12-05,18.798820,2
2013-12-06,15.079330,2
2013-12-07,18.950127,2
2013-12-08,12.850912,1
2013-12-09,9.331374,2
2013-12-10,8.075424,1
2013-12-11,15.871136,2
2013-12-12,9.361721,2
2013-12-13,14.941113,1
2013-12-14,20.778365,2
2013-12-15,15.400000,1
2013-12-16,15.815498,2
2013-12-17,14.400000,1
2013-12-19,7.615487,2
2013-12-21,2.638452,1
2013-12-22,12.704020,1
2013-12-23,9.532305,2
2013-12-24,4.803166,2
2013-12-25,2.064875,1
2013-12-26,10.773441,2
2013-12-27,11.639406,2
2013-12-29,9.678834,1
2013-12-30,7.101408,1
2014-01-02,10.148680,1
2014-01-04,17.367874,2
2014-01-06,13.847106,1
2014-01-07,2.925240,1
2014-01-08,13.503986,1
2014-01-09,18.816677,2
2014-01-10,16.486458,2
2014-01-12,9.762708,1
2014-01-13,14.554844,1
2014-01-14,9.413946,2
2014-01-15,12.833595,2
2014-01-16,13.176002,2
2014-01-17,14.289419,1
2014-01-19,12.388601,2
2014-01-20,17.234136,1
2014-01-21,22.236906,2
2014-01-22,19.600560,2
2014-01-23,17.584161,2
2014-01-24,17.803753,2
2014-01-25,18.352591,1
2014-01-26,13.378073,2
2014-01-27,13.598058,2
2014-01-28,12.460443,1
2014-01-29,12.614941,1
2014-01-30,17.892832,2
2014-01-31,11.620731,2
2014-02-01,7.910839,2
2014-02-02,9.863772,2
2014-02-03,16.201366,2
2014-02-04,12.900982,2
2014-02-06,17.579973,2
2014-02-07,21.920281,2
2014-02-08,21.620532,2
2014-02-09,13.769804,1
2014-02-10,14.218587,2
2014-02-11,12.704020,1
2014-02-12,13.080403,2
2014-02-13,10.224358,2
2014-02-15,15.973465,1
2014-02-16,13.847106,1
2014-02-18,10.431999,1
2014-02-19,21.517805,1
2014-02-20,14.540616,2
2014-02-21,12.575456,2
2014-02-22,12.060413,2
2014-02-23,12.299048,2
2014-02-25,7.722739,2
2014-02-26,5.826094,1
2014-02-27,3.240707,2
2014-02-28,3.970584,2
2014-03-02,6.873343,2
2014-03-03,7.930193,2
2014-03-04,9.888619,2
2014-03-05,14.744022,2
2014-03-06,11.974817,2
2014-03-07,14.289419,1
2014-03-08,9.437712,2
2014-03-09,10.563669,2
2014-03-10,10.758903,1
2014-03-11,15.262130,2
2014-03-12,14.627169,2
2014-03-13,12.125877,2
2014-03-14,9.264611,1
2014-03-15,7.920592,1
2014-03-17,12.470766,1
2014-03-18,10.183914,2
2014-03-19,11.326528,2
2014-03-20,18.605674,2
2014-03-21,19.794636,1
2014-03-22,14.941113,1
2014-03-23,8.961518,2
2014-03-24,7.588811,2
2014-03-25,11.119629,2
2014-03-26,13.208673,2
2014-03-27,12.325786,2
2014-03-28,12.460443,1
2014-03-29,7.283200,1
2014-03-30,6.426280,2
2014-03-31,7.124213,1
2014-04-01,7.235633,1
2014-04-02,8.656302,1
2014-04-03,14.392295,1
2014-04-04,10.758903,1
2014-04-05,8.809868,2
2014-04-06,10.143520,1
2014-04-07,12.205833,2
2014-04-08,8.739141,1
2014-04-09,8.273280,1
2014-04-11,8.054036,1
2014-04-12,12.943406,1
2014-04-13,9.534089,2
2014-04-14,6.765787,1
2014-04-15,5.165954,1
2014-04-16,5.660560,2
2014-04-17,10.075570,1
2014-04-18,6.307471,1
2014-04-19,10.938866,2
2014-04-20,10.143520,1
2014-04-22,6.598212,1
2014-04-23,10.618527,2
2014-04-24,10.567061,1
2014-04-25,9.949036,1
2014-04-26,8.983214,2
2014-04-27,8.739141,1
2014-04-28,2.730541,2
2014-04-29,5.150000,1
2014-05-01,-2.560500,1
2014-05-02,1.016253,2
2014-05-03,-7.990307,1
2014-05-04,-2.090698,2
2014-05-05,-6.194626,1
2014-05-06,7.618114,1
2014-05-07,0.000000,1
2014-05-08,-4.622170,1
2014-05-09,-6.879506,2
2014-05-10,-10.260805,1
2014-05-11,-10.462230,2
2014-05-12,-11.628568,2
2014-05-13,-13.700710,2
2014-05-14,-16.301046,2
2014-05-15,-14.594252,2
2014-05-16,-16.914467,1
2014-05-17,-21.019708,1
2014-05-18,-21.706900,1
2014-05-19,-12.286977,2
2014-05-20,-10.431999,1
2014-05-21,-12.122035,1
2014-05-22,-18.711347,1
2014-05-23,-19.109272,2
2014-05-25,-22.188511,2
2014-05-26,-25.801963,1
2014-05-27,-22.892442,1
2014-05-28,-22.388174,2
2014-05-29,-20.466457,2
2014-05-30,-25.200000,1
2014-05-31,-17.487387,2
2014-06-01,-17.869628,1
2014-06-02,-13.909332,1
2014-06-03,-22.611757,2
2014-06-04,-20.622516,2
2014-06-05,-27.377656,1
2014-06-06,-27.335701,1
2014-06-07,-30.284319,1
2014-06-08,-22.100000,1
2014-06-09,-25.834947,2
2014-06-10,-28.854867,1
2014-06-12,-24.606009,1
2014-06-13,-24.107912,1
2014-06-14,-28.854867,1
2014-06-15,-31.400000,1
2014-06-16,-32.384359,2
2014-06-17,-28.013535,2
2014-06-18,-28.854867,1
2014-06-20,-23.700000,1
2014-06-21,-25.801963,1
2014-06-23,-28.800000,1
2014-06-24,-23.339944,1
2014-06-25,-24.824294,1
2014-06-27,-31.900000,1
2014-06-30,-26.100301,1
2014-07-02,-32.774806,1
2014-07-03,-32.400000,1
2014-07-04,-33.272903,1
2014-07-05,-29.800000,1
2014-07-06,-33.272903,1
2014-07-07,-31.280514,1
2014-07-08,-29.300000,1
2014-07-10,-26.392848,1
2014-07-11,-25.602204,1
2014-07-13,-29.347271,1
2014-07-14,-25.200000,1
2014-07-15,-31.900000,1
2014-07-16,-31.778611,1
2014-07-17,-33.483464,1
2014-07-20,-32.900000,1
2014-07-21,-29.188505,1
2014-07-22,-33.400000,1
2014-07-24,-26.885252,1
2014-07-25,-28.784590,1
2014-07-26,-35.863009,1
2014-07-27,-33.483464,1
2014-07-28,-31.778611,1
2014-07-29,-30.284319,1
2014-07-30,-27.196115,1
2014-08-01,-23.832348,1
2014-08-02,-26.698018,1
2014-08-03,-29.938156,1
2014-08-04,-33.975867,1
2014-08-05,-30.922963,1
2014-08-06,-29.938156,1
2014-08-07,-27.377656,1
2014-08-08,-29.188505,1
2014-08-09,-32.774806,1
2014-08-11,-33.483464,1
2014-08-12,-31.778611,1
2014-08-13,-30.922963,1
2014-08-14,-31.280514,1
2014-08-15,-25.602204,1
2014-08-16,-27.694213,1
2014-08-17,-30.284319,1
2014-08-18,-30.400000,1
2014-08-19,-29.938156,1
2014-08-20,-28.192310,1
2014-08-21,-25.602204,1
2014-08-22,-27.694213,1
2014-08-23,-31.280514,1
2014-08-25,-32.276708,1
2014-08-26,-30.430560,1
2014-08-27,-31.280514,1
2014-08-28,-27.300000,1
2014-08-29,-29.364145,1
2014-08-31,-28.300000,1
2014-09-01,-27.800000,1
2014-09-02,-30.782416,1
2014-09-03,-28.300000,1
2014-09-04,-33.272903,1
2014-09-06,-37.456921,1
2014-09-07,-33.870620,1
2014-09-08,-32.774806,1
2014-09-09,-29.938156,1
2014-09-10,-27.800000,1
2014-09-11,-33.870620,1
2014-09-12,-32.774806,1
2014-09-13,-32.400175,1
2014-09-14,-35.000000,1
2014-09-15,-27.694213,1
2014-09-16,-27.694213,1
2014-09-17,-27.800000,1
2014-09-19,-33.272903,1
2014-09-21,-32.774806,1
2014-09-22,-33.870620,1
2014-09-23,-32.774806,1
2014-09-24,-35.863009,1
2014-09-25,-34.866814,1
2014-09-26,-30.922963,1
2014-09-28,-26.885252,1
2014-09-29,-31.778611,1
2014-09-30,-31.778611,1
2014-10-01,-32.400000,1
2014-10-02,-34.468271,1
2014-10-03,-33.483464,1
2014-10-05,-30.782416,1
2014-10-07,-32.774806,1
2014-10-08,-32.261923,1
2014-10-09,-32.774806,1
2014-10-10,-37.456921,1
2014-10-11,-37.456921,1
2014-10-12,-35.945483,1
2014-10-13,-31.778611,1
2014-10-14,-33.483464,1
2014-10-15,-28.301627,1
2014-10-16,-31.295997,1
2014-10-17,-35.500000,1
2014-10-18,-32.400175,1
2014-10-19,-30.813034,1
2014-10-20,-30.284319,1
2014-10-21,-31.900000,1
2014-10-23,-32.774806,1
2014-10-24,-29.188505,1
2014-10-25,-28.854867,1
2014-10-27,-30.922963,1
2014-10-28,-28.192310,1
2014-10-29,-31.400000,1
2014-10-30,-33.272903,1
2014-10-31,-32.261923,1
2014-11-01,-31.778611,1
2014-11-02,-32.276708,1
2014-11-03,-36.500000,1
2014-11-04,-28.192310,1
2014-11-05,-34.468271,1
2014-11-06,-32.892579,1
2014-11-07,-22.100000,1
2014-11-08,-31.280514,1
2014-11-09,-34.500000,1
2014-11-10,-35.500000,1
2014-11-11,-35.000000,1
2014-11-12,-30.922963,1
2014-11-14,-31.778611,1
2014-11-16,-26.200000,1
2014-11-17,-23.609814,1
2014-11-18,-27.870059,1
2014-11-19,-27.694213,1
2014-11-20,-32.900000,1
2014-11-21,-34.634313,2
2014-11-22,-34.368717,2
2014-11-23,-32.276708,1
2014-11-25,-29.188505,1
2014-11-26,-25.183762,1
2014-11-27,-28.300000,1
2014-11-28,-32.900000,1
2014-11-29,-33.400000,1
2014-11-30,-29.188505,1
2014-12-01,-31.280514,1
2014-12-03,-27.532994,1
2014-12-05,-26.593406,2
2014-12-06,-25.700000,2
2014-12-07,-28.025491,2
2014-12-08,-32.276708,1
2014-12-09,-27.694213,1
2014-12-10,-31.400000,1
2014-12-11,-24.091560,2
2014-12-12,-28.769790,2
2014-12-13,-32.060996,2
2014-12-14,-33.483464,1
2014-12-15,-27.300000,1
2014-12-16,-29.800000,1
2014-12-17,-29.686602,1
2014-12-18,-29.347271,1
2014-12-19,-31.900000,1
2014-12-20,-30.922963,1
2014-12-21,-28.690407,1
2014-12-23,-27.694213,1
2014-12-25,-27.800000,1
2014-12-26,-24.606009,1
2014-12-28,-30.284319,1
2014-12-29,-29.300000,1
2014-12-30,-31.280514,1
2014-12-31,-27.300000,1
2015-01-01,-26.698018,1
2015-01-02,-25.104106,1
2015-01-03,-25.745630,2
2015-01-04,-29.300000,1
2015-01-05,-28.800000,1
2015-01-06,-23.609814,1
2015-01-07,-32.892579,1
2015-01-09,-28.784590,1
2015-01-10,-24.651102,2
2015-01-11,-25.748477,2
2015-01-12,-26.542626,2
2015-01-13,-24.217850,2
2015-01-14,-24.708735,2
2015-01-15,-23.852053,2
2015-01-16,-30.284319,1
2015-01-17,-30.539305,2
2015-01-18,-26.800000,1
2015-01-19,-24.107912,1
2015-01-20,-26.852738,1
2015-01-21,-26.698018,1
2015-01-22,-27.070665,2
2015-01-23,-28.690407,1
2015-01-24,-32.400175,2
2015-01-25,-29.800000,1
2015-01-26,-30.563811,2
2015-01-27,-29.800000,1
2015-01-28,-28.300000,1
2015-01-29,-30.330071,1
2015-01-30,-30.415280,2
2015-01-31,-32.161482,2
2015-02-01,-31.836451,2
2015-02-02,-33.117748,2
2015-02-04,-33.400000,1
2015-02-05,-24.022489,2
2015-02-06,-25.602204,1
2015-02-07,-27.335701,1
2015-02-08,-29.323554,2
2015-02-09,-33.385310,2
2015-02-10,-31.904388,2
2015-02-11,-34.069859,2
2015-02-12,-29.225878,2
2015-02-13,-23.708975,2
2015-02-14,-26.951102,2
2015-02-15,-25.407000,2
2015-02-16,-26.897257,2
2015-02-17,-24.898058,2
2015-02-18,-23.012098,1
2015-02-19,-38.300000,2
2015-02-20,-32.700000,2
2015-02-21,-31.907771,1
2015-02-22,-28.274540,2
2015-02-23,-26.897257,2
2015-02-24,-20.600000,1
2015-02-26,-28.300000,1
2015-02-27,-34.241732,2
2015-02-28,-33.138354,2
2015-03-01,-35.722741,2
2015-03-02,-28.690407,1
2015-03-03,-29.392626,2
2015-03-04,-33.400000,1
2015-03-05,-36.514386,2
2015-03-06,-34.318907,2
2015-03-07,-22.364701,2
2015-03-08,-27.203005,2
2015-03-09,-31.280514,2
2015-03-10,-29.388828,2
2015-03-12,-30.400000,1
2015-03-13,-37.456921,1
2015-03-14,-25.519674,2
2015-03-15,-35.863009,2
2015-03-16,-40.246266,2
2015-03-17,-35.000088,2
2015-03-18,-27.377656,1
2015-03-19,-30.284319,1
2015-03-20,-30.797187,2
2015-03-21,-29.736412,2
2015-03-22,-25.307257,1
2015-03-23,-26.399159,2
2015-03-24,-25.153956,2
2015-03-25,-27.800000,1
2015-03-26,-27.998058,2
2015-03-28,-26.100301,1
2015-03-29,-38.052992,2
2015-03-30,-37.955018,1
2015-03-31,-40.495558,2
2015-04-01,-36.000000,1
2015-04-02,-35.364912,1
2015-04-03,-33.400000,1
2015-04-04,-37.975606,2
2015-04-05,-28.192310,1
2015-04-06,-23.243406,2
2015-04-07,-16.021470,1
2015-04-08,-23.416529,2
2015-04-09,-34.866814,1
2015-04-10,-35.909940,2
2015-04-11,-36.361106,2
2015-04-12,-34.960675,1
2015-04-13,-31.599836,2
2015-04-14,-36.958791,2
2015-04-15,-34.368717,1
2015-04-16,-32.027660,2
2015-04-17,-22.015903,1
2015-04-18,-23.012098,1
2015-04-19,-22.749059,1
2015-04-20,-29.847108,1
2015-04-21,-25.183762,1
2015-04-22,-24.200000,1
2015-04-23,-28.800000,1
2015-04-24,-37.028772,1
2015-04-26,-33.086451,2
2015-04-27,-43.528503,1
2015-04-28,-40.445505,1
2015-04-29,-30.400000,1
2015-04-30,-31.400000,1
2015-05-01,-36.000000,1
2015-05-02,-31.037403,2
2015-05-03,-21.100000,1
2015-05-04,-23.506443,2
2015-05-05,-27.585030,2
2015-05-06,-29.188505,1
2015-05-07,-30.300151,2
2015-05-09,-33.450088,2
2015-05-10,-30.732606,2
2015-05-11,-35.115863,2
2015-05-12,-34.000000,1
2015-05-14,-29.686602,1
2015-05-15,-9.786087,1
2015-05-16,-4.201644,2
2015-05-17,-8.881816,1
2015-05-18,-1.105065,2
2015-05-19,4.306677,1
2015-05-20,0.230704,2
2015-05-21,1.747566,2
2015-05-22,6.525416,1
2015-05-23,-7.670699,1
2015-05-25,5.113478,2
2015-05-28,0.984860,1
2015-05-29,-0.937700,2
2015-05-30,-0.252955,2
2015-05-31,9.651116,1
2015-06-01,-10.219100,1
2015-06-02,-7.890258,1
2015-06-04,8.172215,2
2015-06-06,-1.402283,1
2015-06-07,-6.471703,1
2015-06-09,17.000000,1
2015-06-10,11.088373,1
2015-06-11,-2.209989,2
2015-06-12,3.606245,1
2015-06-13,1.805131,2
2015-06-14,6.525416,1
2015-06-15,7.126623,1
2015-06-16,4.443259,1
2015-06-17,2.534960,2
2015-06-18,1.061158,1
2015-06-19,2.218636,2
2015-06-21,1.903246,1
2015-06-22,18.470699,2
2015-06-23,20.100000,1
2015-06-24,20.343478,2
2015-06-25,25.901062,2
2015-06-26,22.740561,1
2015-06-27,7.172602,1
2015-06-28,1.944044,1
2015-06-29,12.597678,2
2015-06-30,5.091169,1
2015-07-01,7.618114,1
2015-07-02,8.328702,2
2015-07-03,19.112147,2
2015-07-04,15.675456,2
2015-07-05,15.166039,1
2015-07-06,17.433407,1
2015-07-07,13.196424,1
2015-07-08,7.700000,1
2015-07-09,26.698018,1
2015-07-10,22.798299,2
2015-07-11,20.162925,2
2015-07-12,18.218943,1
2015-07-14,14.001420,1
2015-07-15,3.715862,1
2015-07-16,0.802339,1
2015-07-17,4.149732,2
2015-07-19,12.253195,1
2015-07-20,15.055446,2
2015-07-21,27.209854,2
2015-07-22,4.557557,2
2015-07-23,10.759459,2
2015-07-24,12.850912,1
2015-07-26,4.463575,2
2015-07-27,7.124213,1
2015-07-28,9.256418,1
2015-07-29,9.678834,1
2015-07-30,13.342949,2
2015-07-31,11.364898,2
2015-08-01,18.835554,1
2015-08-03,21.007555,2
2015-08-04,13.450273,2
2015-08-05,12.704020,1
2015-08-06,10.723793,2
2015-08-09,9.208988,1
2015-08-10,20.342550,2
2015-08-11,10.635924,1
2015-08-12,6.598212,1
2015-08-13,17.394043,2
2015-08-14,20.808903,2
2015-08-16,12.681986,2
2015-08-17,14.181232,1
2015-08-18,7.163577,2
2015-08-19,18.905547,2
2015-08-20,13.531574,1
2015-08-21,9.334970,1
2015-08-22,9.205037,2
2015-08-23,11.353057,2
2015-08-24,10.868309,2
2015-08-25,3.995153,2
2015-08-26,9.422347,1
2015-08-27,18.500000,1
2015-08-28,18.000000,1
2015-08-29,16.531122,2
2015-08-30,11.098962,2
2015-08-31,11.149279,2
2015-09-01,18.352591,2
2015-09-02,12.060413,2
2015-09-03,14.471266,1
2015-09-05,13.847106,1
2015-09-06,16.444621,1
2015-09-07,14.069828,2
2015-09-08,17.579973,2
2015-09-10,16.249328,1
2015-09-11,13.847106,1
2015-09-12,13.935030,2
2015-09-13,16.769456,2
2015-09-14,19.425797,1
2015-09-15,17.598148,2
2015-09-16,12.434156,2
2015-09-17,16.874532,1
2015-09-18,11.989425,2
2015-09-19,8.798548,2
2015-09-20,18.711347,1
2015-09-21,16.935310,1
2015-09-22,13.196424,1
2015-09-23,13.900000,1
2015-09-24,20.600000,1
2015-09-25,20.757951,2
2015-09-26,18.113270,2
2015-09-27,18.365830,2
2015-09-28,20.521611,1
2015-09-29,17.619735,2
2015-09-30,19.086636,2
2015-10-01,20.762898,2
2015-10-02,11.656051,2
2015-10-03,1.949515,1
2015-10-04,13.788800,2
2015-10-06,7.559478,2
2015-10-07,11.128328,1
2015-10-08,13.437921,2
2015-10-09,15.054783,2
2015-10-10,17.225753,2
2015-10-11,16.835674,2
2015-10-12,16.950000,2
2015-10-13,16.249328,1
2015-10-14,13.400000,1
2015-10-15,14.444897,2
2015-10-16,13.688828,1
2015-10-17,12.024340,2
2015-10-18,11.326528,2
2015-10-19,10.689226,2
2015-10-20,8.011754,2
2015-10-21,14.049561,2
2015-10-22,14.471266,1
2015-10-23,11.759980,2
2015-10-24,14.941113,1
2015-10-25,14.875258,1
2015-10-26,12.253195,1
2015-10-28,16.935310,2
2015-10-29,15.839496,1
2015-10-30,12.704020,1
2015-10-31,10.902427,2
2015-11-01,11.997012,2
2015-11-02,13.596599,2
2015-11-03,9.416710,2
2015-11-04,10.694432,1
2015-11-05,9.590702,2
2015-11-06,8.452657,2
2015-11-07,10.927389,2
2015-11-08,12.219130,2
2015-11-09,14.471266,1
2015-11-10,17.234136,1
2015-11-11,17.931505,1
2015-11-12,15.407232,1
2015-11-13,20.439722,2
2015-11-14,16.903702,1
2015-11-15,17.039665,2
2015-11-16,16.420739,1
2015-11-18,13.703466,2
2015-11-19,13.426369,1
2015-11-22,11.647141,2
2015-11-23,10.260805,1
2015-11-24,12.903779,1
2015-11-25,17.500000,1
2015-11-26,20.407172,2
2015-11-27,16.500000,1
2015-11-28,9.786087,2
2015-11-29,13.688828,1
2015-11-30,17.673002,1
2015-12-01,10.148680,1
2015-12-02,13.389455,2
2015-12-03,9.599918,2
2015-12-04,7.634243,2
2015-12-06,9.258432,2
2015-12-07,12.205365,1
2015-12-08,2.291535,1
2015-12-09,-1.689244,2
2015-12-10,-5.874394,1
2015-12-11,-4.231300,2
2015-12-12,5.944932,2
2015-12-14,17.234136,1
2015-12-15,14.673636,1
2015-12-16,3.088204,1
2015-12-18,14.923554,2
2015-12-19,12.249905,2
2015-12-20,10.635924,1
2015-12-21,2.948947,1
2015-12-22,8.517570,2
2015-12-23,14.345204,1
2015-12-24,18.760588,2
2015-12-25,11.800000,1
2015-12-26,13.657036,2
2015-12-27,13.400000,1
2015-12-28,7.090616,1
2015-12-29,11.620731,1
2015-12-30,10.190517,2
2015-12-31,9.978500,2
2016-01-01,8.739141,1
2016-01-02,10.024465,2
2016-01-03,7.963440,2
2016-01-04,7.870215,2
2016-01-05,13.491505,2
2016-01-06,13.924595,2
2016-01-07,14.675456,2
2016-01-08,13.900000,1
2016-01-09,15.547187,2
2016-01-10,14.400000,1
2016-01-11,8.881816,1
2016-01-12,5.650000,1
2016-01-13,3.250354,2
2016-01-14,1.701752,1
2016-01-16,6.704094,2
2016-01-17,15.166039,1
2016-01-18,11.620731,1
2016-01-19,8.983110,1
2016-01-21,17.504666,2
2016-01-22,15.168593,2
2016-01-24,16.741732,1
2016-01-25,13.765120,2
2016-01-26,13.196424,1
2016-01-27,2.739858,2
2016-01-28,0.206422,2
2016-01-29,6.194626,1
2016-01-30,4.696980,2
2016-01-31,10.567061,1
2016-02-01,4.169016,1
2016-02-02,3.262708,1
2016-02-03,12.569748,2
2016-02-04,22.256655,1
2016-02-05,20.023513,1
2016-02-06,18.801874,2
2016-02-07,12.850912,1
2016-02-11,-1.250267,1
2016-02-12,6.525416,1
2016-02-14,6.620712,1
2016-02-15,15.734492,2
2016-02-16,12.653628,2
2016-02-18,10.923638,2
2016-02-19,12.597678,1
2016-02-20,2.209766,2
2016-02-21,1.246992,2
2016-02-22,5.899089,2
2016-02-23,7.456336,2
2016-02-24,8.739141,1
2016-02-25,2.439019,2
2016-02-26,11.188058,2
2016-02-27,19.827514,1
2016-02-28,9.353074,1
2016-02-29,7.969977,2
2016-03-01,5.498721,2
2016-03-02,4.146442,2
2016-03-03,1.931537,2
2016-03-04,-1.996447,2
2016-03-05,1.627080,2
2016-03-06,3.108075,2
2016-03-07,6.090053,2
2016-03-08,3.523804,1
2016-03-09,5.994861,2
2016-03-10,6.674504,1
2016-03-11,17.931505,1
2016-03-12,3.915782,2
2016-03-13,-0.064705,2
2016-03-14,-6.535248,2
2016-03-15,-3.351797,1
2016-03-16,-8.358687,2
2016-03-17,2.599102,2
2016-03-18,4.733037,2
2016-03-19,1.844443,2
2016-03-20,-3.791510,2
2016-03-21,-2.240061,1
2016-03-22,4.792432,1
2016-03-23,-0.530579,2
2016-03-24,1.721884,2
2016-03-25,6.332743,2
2016-03-26,5.032020,2
2016-03-27,15.371651,2
2016-03-28,14.843301,1
2016-03-29,-2.796126,2
2016-03-30,-9.678834,1
2016-03-31,-8.075424,1
2016-04-01,-7.150341,2
2016-04-02,-3.093974,2
2016-04-03,-5.429301,2
2016-04-04,-1.048791,2
2016-04-05,-2.846779,2
2016-04-06,-4.927155,2
2016-04-07,-8.075424,1
2016-04-08,-4.350000,1
2016-04-09,-4.363940,2
2016-04-10,-0.145077,2
2016-04-11,-3.117691,1
2016-04-12,-5.252509,2
2016-04-13,-0.492404,2
2016-04-14,-4.084398,1
2016-04-15,7.520291,2
2016-04-16,10.037588,1
2016-04-17,11.397925,1
2016-04-18,4.146113,2
2016-04-19,-2.612874,2
2016-04-20,-2.795246,1
2016-04-23,2.155353,1
2016-04-24,-3.140782,1
2016-04-25,-6.765787,1
2016-04-26,-7.875548,2
2016-04-27,1.658764,2
2016-04-28,-1.076619,1
2016-04-29,-1.608693,1
2016-04-30,7.443148,2
2016-05-01,-0.864371,2
2016-05-02,-8.653570,2
2016-05-03,0.047073,2
2016-05-04,11.958365,2
2016-05-05,14.230961,2
2016-05-08,6.508321,1
2016-05-09,1.475269,1
2016-05-11,-0.000000,1
2016-05-12,8.697413,1
2016-05-13,5.988740,1
2016-05-14,3.586301,1
2016-05-15,14.181232,1
2016-05-16,3.676779,1
2016-05-17,-1.228728,1
2016-05-18,-7.283200,1
2016-05-19,4.074820,2
2016-05-20,2.804565,1
2016-05-21,-3.052904,1
2016-05-22,15.166039,1
2016-05-23,4.936345,1
2016-05-24,11.796849,2
2016-05-25,12.900000,1
2016-05-26,2.477519,2
2016-05-27,5.091169,2
2016-05-28,4.600000,1
2016-05-29,7.172602,1
2016-05-30,15.007366,2
2016-05-31,12.824647,2
2016-06-01,6.664587,1
2016-06-02,7.127331,2
2016-06-03,2.430250,2
2016-06-04,4.582229,2
2016-06-05,1.076819,2
2016-06-06,18.268184,2
2016-06-07,14.625365,2
2016-06-08,5.055244,2
2016-06-09,-10.021313,2
2016-06-10,-7.399246,2
2016-06-11,-2.696541,2
2016-06-12,7.437629,1
2016-06-13,22.852053,2
2016-06-14,27.800000,1
2016-06-15,13.406698,2
2016-06-16,6.126026,2
2016-06-18,2.899138,1
2016-06-19,4.936345,1
2016-06-21,-2.698312,2
2016-06-23,13.650000,2
2016-06-24,14.289419,1
2016-06-25,14.017341,2
2016-06-26,-0.819152,1
2016-06-27,17.510564,2
2016-06-28,10.159077,2
2016-06-29,6.295941,1
2016-06-30,-1.577579,2
2016-07-01,11.666847,2
2016-07-02,20.348822,2
2016-07-03,12.903562,2
2016-07-04,10.897105,2
2016-07-05,18.851876,2
2016-07-07,18.149615,2
2016-07-08,15.036570,2
2016-07-09,14.664715,2
2016-07-10,1.047466,2
2016-07-11,0.411368,2
2016-07-12,3.600000,2
2016-07-13,3.725000,2
2016-07-15,16.444621,1
2016-07-16,6.598212,1
2016-07-17,8.304203,2
2016-07-18,14.392295,1
2016-07-19,15.989266,2
2016-07-20,9.678834,1
2016-07-21,4.841142,2
2016-07-22,7.172602,1
2016-07-23,16.420739,1
2016-07-24,1.675078,2
2016-07-25,22.514000,1
2016-07-26,21.268757,2
2016-07-27,16.500000,1
2016-07-28,6.193686,2
2016-07-29,7.765816,2
2016-07-30,1.346615,2
2016-07-31,7.235633,1
2016-08-01,22.065713,2
2016-08-02,21.932648,1
2016-08-03,18.353889,2
2016-08-04,14.673636,2
2016-08-05,14.875258,1
2016-08-06,13.909332,1
2016-08-07,20.111730,2
2016-08-08,19.429534,2
2016-08-09,15.407232,1
2016-08-10,7.592306,2
2016-08-11,4.827555,2
2016-08-12,4.664633,2
2016-08-13,13.477925,2
2016-08-14,31.280514,1
2016-08-15,21.565047,2
2016-08-16,16.914467,1
2016-08-17,15.588457,1
2016-08-18,15.588457,1
2016-08-19,19.397751,2
2016-08-20,15.688554,2
2016-08-21,19.415109,1
2016-08-22,16.910763,2
2016-08-23,18.440517,2
2016-08-24,15.839496,1
2016-08-25,10.828570,2
2016-08-26,8.939417,2
2016-08-27,12.009331,2
2016-08-28,17.826175,2
2016-08-29,21.013850,2
2016-08-30,17.417603,2
2016-08-31,9.786087,1
2016-09-01,14.471266,1
2016-09-02,18.021982,2
2016-09-03,17.588514,2
2016-09-04,15.893010,2
2016-09-05,8.451851,2
2016-09-06,8.054036,1
2016-09-07,16.832234,2
2016-09-08,12.224378,2
2016-09-09,5.669275,2
2016-09-10,22.600000,1
2016-09-11,14.659910,2
2016-09-12,18.429602,1
2016-09-13,17.854160,2
2016-09-14,20.381035,1
2016-09-15,15.658443,1
2016-09-16,7.700000,1
2016-09-17,14.875258,1
2016-09-18,20.770659,2
2016-09-19,16.130961,2
2016-09-20,12.495991,2
2016-09-21,11.755097,1
2016-09-22,9.165595,2
2016-09-23,11.714164,2
2016-09-24,15.392157,2
2016-09-25,21.025646,2
2016-09-26,17.726540,1
2016-09-27,17.894114,2
2016-09-28,14.085734,2
2016-09-29,19.125331,2
2016-09-30,19.226558,2
2016-10-01,13.548248,2
2016-10-02,12.994414,2
2016-10-03,11.670784,2
2016-10-04,12.303005,2
2016-10-05,19.098902,2
2016-10-06,13.762274,2
2016-10-07,11.424063,2
2016-10-08,16.454483,1
2016-10-09,16.718606,2
2016-10-10,11.270459,2
2016-10-11,13.229222,2
2016-10-12,12.552053,2
2016-10-13,14.941113,1
2016-10-14,11.130908,2
2016-10-15,12.943406,1
2016-10-16,13.688828,1
2016-10-17,8.403555,1
2016-10-18,13.909332,2
2016-10-19,13.878960,2
2016-10-20,19.573304,2
2016-10-21,15.504928,1
2016-10-22,14.843080,2
2016-10-23,25.004780,2
2016-10-24,20.287040,1
2016-10-25,17.234136,1
2016-10-26,9.264611,1
2016-10-27,8.232539,2
2016-10-28,15.007517,2
2016-10-30,16.249328,1
2016-10-31,11.620731,1
2016-11-01,13.909332,1
2016-11-02,13.589821,2
2016-11-03,19.124075,2
2016-11-04,16.428976,2
2016-11-05,17.219848,1
2016-11-06,11.436019,2
2016-11-07,16.444621,1
2016-11-08,12.122035,1
2016-11-09,16.741732,2
2016-11-11,15.168606,2
2016-11-12,14.471266,1
2016-11-13,13.975518,2
2016-11-14,22.514000,1
2016-11-15,13.688828,1
2016-11-17,16.280623,2
2016-11-18,16.470556,2
2016-11-19,19.125331,2
2016-11-20,11.664157,2
2016-11-21,17.726540,1
2016-11-22,15.341398,1
2016-11-23,18.352591,1
2016-11-24,18.218943,1
2016-11-25,16.444621,1
2016-11-26,12.037753,1
2016-11-27,13.145591,2
2016-11-28,14.843301,1
2016-11-29,20.521611,1
2016-11-30,18.711347,1
2016-12-01,22.600000,1
2016-12-02,24.989795,2
2016-12-03,19.882126,2
2016-12-04,13.503986,1
2016-12-05,16.444621,1
2016-12-06,21.019708,1
2016-12-07,13.326597,2
2016-12-08,16.440917,2
2016-12-09,15.166039,1
2016-12-10,12.253195,1
2016-12-11,14.843301,1
2016-12-12,15.142159,2
2016-12-13,10.800000,1
2016-12-14,15.978284,2
2016-12-15,16.246080,2
2016-12-16,18.218943,1
2016-12-17,20.779444,1
2016-12-18,18.824398,2
2016-12-20,18.570475,2
2016-12-21,19.061547,2
2016-12-22,14.345204,1
2016-12-23,10.914962,1
2016-12-24,18.218943,1
2016-12-25,18.218943,1
2016-12-26,14.941113,1
2016-12-27,21.764251,1
2016-12-28,20.023513,1
2016-12-29,17.234136,1
2016-12-30,21.218947,2
2016-12-31,18.218943,1
2017-01-01,12.900000,1
2017-01-02,12.253195,1
2017-01-03,19.103450,2
2017-01-04,15.905284,2
2017-01-05,15.784648,2
2017-01-06,16.387403,2
2017-01-08,26.885252,1
2017-01-09,26.500000,2
2017-01-10,25.801963,1
2017-01-11,18.500000,1
2017-01-12,22.428328,2
2017-01-13,19.500000,1
2017-01-14,16.021470,1
2017-01-15,10.800000,1
2017-01-16,18.086501,2
2017-01-17,19.357668,1
2017-01-18,21.517805,1
2017-01-19,19.644150,2
2017-01-20,18.462898,2
2017-01-21,20.023513,1
2017-01-22,17.482313,2
2017-01-24,13.531574,1
2017-01-25,9.334970,1
2017-01-26,13.426369,1
2017-01-27,11.301982,2
2017-01-28,12.850912,1
2017-01-29,10.914962,1
2017-01-30,12.528271,2
2017-01-31,13.909332,1
2017-02-01,12.537521,2
2017-02-02,12.850912,1
2017-02-03,14.410294,1
2017-02-04,13.531574,1
2017-02-05,10.431999,1
2017-02-06,12.821357,2
2017-02-07,12.300000,1
2017-02-08,11.604740,1
2017-02-09,20.861547,2
2017-02-10,17.927080,2
2017-02-11,20.812280,2
2017-02-12,18.663458,2
2017-02-13,17.854160,1
2017-02-14,18.773069,2
2017-02-15,16.754595,2
2017-02-16,20.507951,2
2017-02-17,17.619237,2
2017-02-18,21.271847,1
2017-02-19,21.928328,2
2017-02-20,21.517805,1
2017-02-21,17.384313,1
2017-02-22,13.061727,1
2017-02-23,24.324751,1
2017-02-24,23.654907,2
2017-02-25,20.700372,2
2017-02-26,19.151465,2
2017-02-27,14.620699,2
2017-02-28,14.471266,1
2017-03-01,16.827722,2
2017-03-02,18.879469,2
2017-03-03,17.869628,1
2017-03-04,12.253195,1
2017-03-05,14.673636,2
2017-03-06,13.035780,2
2017-03-07,17.049716,2
2017-03-08,21.924530,2
2017-03-09,17.384313,1
2017-03-10,20.739721,2
2017-03-11,18.693911,2
2017-03-12,17.384313,2
2017-03-13,17.681786,2
2017-03-14,15.776381,2
2017-03-15,10.912031,2
2017-03-16,12.470766,1
2017-03-17,10.789604,2
2017-03-18,9.788124,2
2017-03-19,16.746585,2
2017-03-20,17.386665,1
2017-03-21,15.079330,2
2017-03-22,18.907221,2
2017-03-23,11.620731,1
2017-03-24,15.622368,2
2017-03-25,14.710735,2
2017-03-26,11.706568,2
2017-03-27,15.595220,2
2017-03-28,13.909332,1
2017-03-29,13.400000,1
2017-03-30,8.487049,1
2017-03-31,13.878219,2
2017-04-01,6.674504,1
2017-04-02,11.300000,1
2017-04-03,12.895110,2
2017-04-04,14.867524,2
2017-04-05,16.545925,2
2017-04-06,20.100000,1
2017-04-07,15.422602,2
2017-04-08,16.200088,2
2017-04-09,15.579822,2
2017-04-10,12.996008,2
2017-04-11,14.128700,2
2017-04-12,10.300000,1
2017-04-13,10.694432,1
2017-04-14,13.024518,1
2017-04-15,9.191510,2
2017-04-16,8.534643,2
2017-04-17,12.736766,2
2017-04-18,13.217676,2
2017-04-19,17.889204,2
2017-04-20,12.894153,2
2017-04-21,11.385383,2
2017-04-22,9.485308,2
2017-04-23,13.024985,2
2017-04-24,12.756568,2
2017-04-25,13.900000,2
2017-04-26,12.597678,1
2017-04-27,16.420739,1
2017-04-29,16.972310,2
2017-04-30,19.269102,2
2017-05-01,13.382692,2
2017-05-02,6.277080,2
2017-05-03,12.625706,2
2017-05-04,15.799467,2
2017-05-05,13.548248,2
2017-05-06,11.633182,2
2017-05-07,4.724307,2
2017-05-08,10.152978,2
2017-05-09,7.101408,1
2017-05-10,4.030509,1
2017-05-11,8.534643,2
2017-05-12,9.949036,1
2017-05-13,13.650000,2
2017-05-14,9.980887,2
2017-05-15,7.685408,2
2017-05-16,10.311066,2
2017-05-17,9.848305,2
2017-05-18,2.921453,2
2017-05-19,11.159687,2
2017-05-20,5.136301,2
2017-05-21,4.377549,2
2017-05-22,-14.912004,2
2017-05-23,5.821507,2
2017-05-24,7.583020,1
2017-05-25,6.385257,2
2017-05-26,-5.881804,2
2017-05-27,-3.487580,2
2017-05-28,0.574738,2
2017-05-29,-0.069386,2
2017-05-30,-3.440808,2
2017-05-31,-12.591881,1
2017-06-01,-9.166971,2
2017-06-02,-17.931505,1
2017-06-03,-6.078720,2
2017-06-04,-6.293524,2
2017-06-05,-13.644305,2
2017-06-06,-9.778524,2
2017-06-07,-9.148430,2
2017-06-08,-8.089706,2
2017-06-09,-11.317817,2
2017-06-10,-7.394881,2
2017-06-11,-4.927386,2
2017-06-12,-12.032592,2
2017-06-13,-11.331248,2
2017-06-14,-18.549399,2
2017-06-15,-15.561117,2
2017-06-16,-20.352314,2
2017-06-17,-14.775416,2
2017-06-18,-17.386665,1
2017-06-19,-23.609814,1
2017-06-20,-17.336618,2
2017-06-21,-13.061727,1
2017-06-22,-14.994229,2
2017-06-23,-15.679496,2
2017-06-24,-18.107687,2
2017-06-25,-13.900000,1
2017-06-26,-21.262003,2
2017-06-27,-21.346961,1
2017-06-28,-24.700000,2
2017-06-29,-23.645034,2
2017-06-30,-21.907727,2
2017-07-01,-22.613880,2
2017-07-02,-23.100000,1
2017-07-03,-24.606009,2
2017-07-04,-22.428328,2
2017-07-05,-21.913420,2
2017-07-06,-27.998058,2
2017-07-07,-23.061907,2
2017-07-08,-24.258578,2
2017-07-09,-26.800000,1
2017-07-10,-24.012376,2
2017-07-11,-24.817155,1
2017-07-12,-28.362463,2
2017-07-14,-19.794636,1
2017-07-15,-20.715506,2
2017-07-16,-22.017483,2
2017-07-17,-22.065713,2
2017-07-19,-24.107912,1
2017-07-20,-22.256655,1
2017-07-21,-25.703005,2
2017-07-22,-29.059539,2
2017-07-23,-31.356481,2
2017-07-24,-28.300000,2
2017-07-25,-24.723539,2
2017-07-26,-28.690407,1
2017-07-27,-27.747106,2
2017-07-28,-31.590257,2
2017-07-29,-32.341288,2
2017-07-30,-27.037837,2
2017-07-31,-26.150151,2
2017-08-01,-27.196115,1
2017-08-02,-25.534888,2
2017-08-03,-20.521611,1
2017-08-04,-19.862681,2
2017-08-05,-21.890077,2
2017-08-06,-24.600151,2
2017-08-07,-26.698018,1
2017-08-08,-28.917666,2
2017-08-09,-31.295997,1
2017-08-10,-27.008036,2
2017-08-11,-26.205953,2
2017-08-12,-28.989266,2
2017-08-13,-27.870059,1
2017-08-14,-26.392848,1
2017-08-15,-24.855058,2
2017-08-16,-21.723923,2
2017-08-17,-23.012098,1
2017-08-18,-26.836011,2
2017-08-19,-23.974530,2
2017-08-20,-25.062107,2
2017-08-21,-26.517850,2
2017-08-22,-25.501647,2
2017-08-23,-25.209680,2
2017-08-24,-23.061907,2
2017-08-25,-27.361399,2
2017-08-26,-24.717276,2
2017-08-27,-26.839728,2
2017-08-28,-29.315849,2
2017-08-29,-27.530241,2
2017-08-30,-27.818664,1
2017-08-31,-24.450000,2
2017-09-01,-25.200000,2
2017-09-02,-28.280233,2
2017-09-03,-27.362376,2
2017-09-04,-28.549009,2
2017-09-05,-24.400000,2
2017-09-06,-22.514000,1
2017-09-07,-20.521611,1
2017-09-08,-25.104106,2
2017-09-09,-24.216332,2
2017-09-10,-27.377656,1
2017-09-11,-24.058102,2
2017-09-12,-29.296155,2
2017-09-13,-27.477584,2
2017-09-14,-24.425057,2
2017-09-15,-26.703005,2
2017-09-16,-26.399159,2
2017-09-17,-24.403956,2
2017-09-18,-25.901062,2
2017-09-19,-24.516174,2
2017-09-20,-22.350000,2
2017-09-21,-22.243520,2
2017-09-22,-25.453035,2
2017-09-23,-21.271847,1
2017-09-24,-19.931999,2
2017-09-25,-19.378817,2
2017-09-26,-18.319915,2
2017-09-27,-26.669303,2
2017-09-28,-24.458535,2
2017-09-29,-21.764251,2
2017-09-30,-27.973705,2
2017-10-01,-24.492626,2
2017-10-02,-25.309559,1
2017-10-03,-28.769790,2
2017-10-04,-29.686602,1
2017-10-05,-27.225689,2
2017-10-06,-24.548680,2
2017-10-07,-20.297361,2
2017-10-08,-28.854867,1
2017-10-10,-22.427450,2
2017-10-11,-25.104106,1
2017-10-12,-29.364145,1
2017-10-13,-25.953005,2
2017-10-15,-29.326238,2
2017-10-16,-23.609814,1
2017-10-17,-23.560005,2
2017-10-18,-25.104106,2
2017-10-19,-28.690407,1
2017-10-20,-25.750982,2
2017-10-21,-24.324751,1
2017-10-22,-25.212526,2
2017-10-24,-25.767850,2
2017-10-25,-31.778611,1
2017-10-26,-27.694213,1
2017-10-27,-25.602204,1
2017-10-28,-26.800000,1
2017-10-29,-26.698018,1
2017-11-01,-26.445204,2
2017-11-03,-28.192310,1
2017-11-04,-28.300000,1
2017-11-05,-26.100301,1
2017-11-06,-27.998058,2
2017-11-07,-29.188505,1
2017-11-08,-26.032637,2
2017-11-10,-30.430560,1
2017-11-11,-31.036451,2
2017-11-12,-26.589809,2
2017-11-13,-25.602204,2
2017-11-14,-28.192310,1
2017-11-15,-22.182126,2
2017-11-16,-20.237799,2
2017-11-17,-23.609814,1
2017-11-18,-27.338828,2
2017-11-19,-25.462297,2
2017-11-20,-24.107912,1
2017-11-21,-27.300000,1
2017-11-22,-30.400000,1
2017-11-23,-33.272903,1
2017-11-24,-29.847108,1
2017-11-25,-32.877239,2
2017-11-26,-28.441359,2
2017-11-27,-26.800000,1
2017-11-28,-24.700000,1
2017-11-29,-25.801963,1
2017-11-30,-26.791635,2
2017-12-01,-28.192310,1
2017-12-02,-29.794252,2
2017-12-03,-31.356481,2
2017-12-04,-23.356049,2
2017-12-06,-24.754780,2
2017-12-07,-30.284319,1
2017-12-08,-31.653886,2
2017-12-09,-32.276708,1
2017-12-10,-33.272903,1
2017-12-11,-32.774806,1
2017-12-12,-23.700000,1
2017-12-13,-28.192310,1
2017-12-14,-29.686602,1
2017-12-15,-29.323636,2
2017-12-16,-29.542159,2
2017-12-17,-28.775484,2
2017-12-18,-26.836011,2
2017-12-19,-25.278193,2
2017-12-20,-25.602204,2
2017-12-21,-30.293301,2
2017-12-22,-28.896424,2
2017-12-23,-28.690407,1
2017-12-24,-27.335701,1
2017-12-25,-31.778611,1
2017-12-26,-28.336765,2
2017-12-27,-29.188505,1
2017-12-28,-26.702867,2
2017-12-29,-23.809053,2
2017-12-30,-24.107912,1
2017-12-31,-22.514000,1
2018-01-01,-30.284319,1
2018-01-02,-29.938156,1
2018-01-03,-32.097933,2
2018-01-04,-35.000000,1
2018-01-05,-31.665280,2
2018-01-06,-30.900000,1
2018-01-07,-32.885310,2
2018-01-08,-30.284319,1
2018-01-09,-24.855058,2
2018-01-10,-22.749059,1
2018-01-11,-21.829924,1
2018-01-12,-24.606009,1
2018-01-13,-21.829924,1
2018-01-14,-29.938156,1
2018-01-15,-24.606009,1
2018-01-16,-28.529282,2
2018-01-17,-29.347271,2
2018-01-18,-33.882456,2
2018-01-19,-29.850000,2
2018-01-20,-28.300000,1
2018-01-21,-30.184358,2
2018-01-22,-30.782416,1
2018-01-23,-27.779289,2
2018-01-24,-28.800000,1
2018-01-25,-32.774806,1
2018-01-26,-31.653886,2
2018-01-27,-30.782416,1
2018-01-28,-32.276708,1
2018-01-29,-27.196155,2
2018-01-30,-27.745204,2
2018-01-31,-29.540257,2
2018-02-01,-30.234509,2
2018-02-02,-31.280514,1
2018-02-03,-29.292159,2
2018-02-04,-30.284319,1
2018-02-05,-30.234509,2
2018-02-06,-28.441359,2
2018-02-07,-28.441359,2
2018-02-08,-27.530241,2
2018-02-09,-27.452053,2
2018-02-10,-27.050000,2
2018-02-11,-27.249009,2
2018-02-12,-29.800000,1
2018-02-13,-21.892924,2
2018-02-14,-21.935924,2
2018-02-15,-27.800000,1
2018-02-16,-26.749009,2
2018-02-17,-24.323600,2
2018-02-18,-29.268758,2
2018-02-19,-29.686602,1
2018-02-20,-24.474530,2
2018-02-21,-22.100000,1
2018-02-22,-28.582967,2
2018-02-23,-34.649893,2
2018-02-24,-33.870620,1
2018-02-26,-27.377656,1
2018-02-27,-24.200000,1
2018-02-28,-26.369775,1
2018-03-01,-25.449009,2
2018-03-02,-25.200000,1
2018-03-03,-26.589809,2
2018-03-04,-29.985460,2
2018-03-05,-31.280514,1
2018-03-06,-28.059971,2
2018-03-07,-25.087702,2
2018-03-08,-25.602204,2
2018-03-09,-26.538828,2
2018-03-10,-25.801963,1
2018-03-11,-28.192310,1
2018-03-12,-26.800000,1
2018-03-13,-22.514000,1
2018-03-14,-24.447731,2
2018-03-15,-28.791208,2
2018-03-16,-32.086451,2
2018-03-17,-31.400000,2
2018-03-18,-28.778331,2
2018-03-19,-29.525374,2
2018-03-20,-31.365590,2
2018-03-21,-28.280233,2
2018-03-22,-29.635030,2
2018-03-23,-29.736412,2
2018-03-24,-27.694213,1
2018-03-25,-32.900000,1
2018-03-26,-28.025491,2
2018-03-27,-30.430560,1
2018-03-28,-31.089305,2
2018-03-29,-32.153973,2
2018-03-30,-31.084089,2
2018-03-31,-33.866942,2
2018-04-01,-36.680553,2
2018-04-02,-32.700000,2
2018-04-03,-30.377434,2
2018-04-04,-27.395354,2
2018-04-05,-28.608665,2
2018-04-06,-28.550000,2
2018-04-07,-30.732606,2
2018-04-08,-33.870620,1
2018-04-09,-32.575567,2
2018-04-10,-31.778611,1
2018-04-11,-28.823636,2
2018-04-12,-26.399159,2
2018-04-13,-36.550000,2
2018-04-14,-33.188021,2
2018-04-16,-29.938156,1
2018-04-17,-32.640257,2
2018-04-18,-33.372490,2
2018-04-19,-28.810010,2
2018-04-20,-32.586451,2
2018-04-21,-29.516937,2
2018-04-22,-34.318907,2
2018-04-23,-31.338354,2
2018-04-24,-31.778611,2
2018-04-25,-30.284319,1
2018-04-26,-33.483464,1
2018-04-27,-32.083407,2
2018-04-28,-31.650000,2
2018-04-29,-30.135117,2
2018-04-30,-27.800000,1
2018-05-01,-31.479752,2
2018-05-02,-29.794252,2
2018-05-03,-29.494252,2
2018-05-04,-35.000000,2
2018-05-05,-35.613960,2
2018-05-06,-29.357684,2
2018-05-07,-29.326238,2
2018-05-08,-31.090257,2
2018-05-09,-32.900000,1
2018-05-10,-34.910898,2
2018-05-11,-32.892579,1
2018-05-12,-25.602204,1
2018-05-13,-28.939456,2
2018-05-14,-29.188505,1
2018-05-16,-32.774806,1
2018-05-17,-35.863009,1
2018-05-18,-31.415367,1
2018-05-19,-32.923636,2
2018-05-20,-32.400175,1
2018-05-21,-33.677042,2
2018-05-22,-32.774806,1
2018-05-23,-32.400175,1
2018-05-24,-30.540257,2
2018-05-25,-34.368717,1
2018-05-26,-32.276708,1
2018-05-27,-31.400000,1
2018-05-29,-31.594252,2
2018-05-30,-28.800000,2
2018-05-31,-29.270735,2
2018-06-01,-33.087403,2
2018-06-02,-31.900000,1
2018-06-03,-31.838354,2
2018-06-04,-31.661569,2
2018-06-05,-37.656160,2
2018-06-06,-39.350000,2
2018-06-07,-30.817683,2
2018-06-08,-31.529562,2
2018-06-09,-26.730438,2
2018-06-10,-28.495204,2
2018-06-11,-31.900088,2
2018-06-13,-29.888828,2
2018-06-14,-31.677434,2
2018-06-15,-38.453115,1
2018-06-16,-32.337403,2
2018-06-17,-30.850000,2
2018-06-19,-35.187403,2
2018-06-20,-40.445505,1
2018-06-21,-40.574079,1
2018-06-22,-32.392159,2
2018-06-23,-30.284319,1
2018-06-24,-34.131505,2
2018-06-25,-32.191732,2
2018-06-26,-32.934136,2
2018-06-27,-34.069859,2
2018-06-28,-30.314762,2
2018-06-29,-34.866814,1
2018-06-30,-37.955018,1
2018-07-01,-34.500000,1
2018-07-02,-33.711482,2
2018-07-03,-33.400000,1
2018-07-04,-29.077189,2
2018-07-05,-29.545204,2
2018-07-06,-32.400000,1
2018-07-07,-36.361106,1
2018-07-08,-36.234359,2
2018-07-09,-29.686602,1
2018-07-10,-35.514386,2
2018-07-11,-30.922963,1
2018-07-12,-37.987145,2
2018-07-13,-32.882456,2
2018-07-14,-27.196115,1
2018-07-15,-32.824615,2
2018-07-16,-32.341288,2
2018-07-17,-33.272903,1
2018-07-18,-36.859204,1
2018-07-19,-37.656160,2
2018-07-20,-32.640257,2
2018-07-21,-36.361106,1
2018-07-22,-31.778611,2
2018-07-23,-35.364912,2
2018-07-24,-33.135310,2
2018-07-25,-30.400000,1
2018-07-26,-36.485310,2
2018-07-27,-31.592159,2
2018-07-28,-27.284039,2
2018-07-29,-32.631037,2
2018-07-30,-32.575567,2
2018-07-31,-29.300000,1
2018-08-01,-32.027660,2
2018-08-02,-33.950000,2
2018-08-03,-37.979602,2
2018-08-04,-27.377656,1
2018-08-05,-30.617076,2
2018-08-06,-35.663770,2
2018-08-07,-28.854867,1
2018-08-08,-34.137286,2
2018-08-09,-29.847108,1
2018-08-10,-31.529562,2
2018-08-11,-29.617850,2
2018-08-12,-36.887866,2
2018-08-13,-40.445505,2
2018-08-14,-37.000000,1
2018-08-15,-23.697456,2
2018-08-16,-31.169078,2
2018-08-17,-19.879552,2
2018-08-18,-29.065233,2
2018-08-19,-30.635030,2
2018-08-20,-29.888915,2
2018-08-22,-30.609335,2
2018-08-23,-33.571761,2
2018-08-24,-26.718001,2
2018-08-25,-29.736412,2
2018-08-26,-28.395447,2
2018-08-27,-32.027660,2
2018-08-28,-36.704049,2
2018-08-29,-36.487127,2
2018-08-30,-16.420739,1
2018-08-31,-9.762708,1
2018-09-01,-10.914962,1
2018-09-02,-18.870840,2
2018-09-03,-12.654780,2
2018-09-04,-27.251879,2
2018-09-05,-17.593520,2
2018-09-06,-16.127933,2
2018-09-07,-26.100301,1
2018-09-08,-24.735030,2
2018-09-09,-21.850000,2
2018-09-10,-0.357339,1
2018-09-11,2.983523,2
2018-09-12,-0.989795,1
2018-09-13,-19.475606,2
2018-09-14,-8.601314,2
2018-09-15,-11.398092,2
2018-09-16,-11.620731,2
2018-09-17,-20.100000,1
2018-09-18,-9.651116,1
2018-09-19,-12.297216,2
2018-09-20,7.890258,1
2018-09-21,-0.941500,2
2018-09-22,-4.831919,2
2018-09-23,-12.210387,2
2018-09-24,-18.960616,2
2018-09-25,-9.858191,2
2018-09-26,-9.863439,2
2018-09-27,-1.184138,2
2018-09-28,-0.416829,2
2018-09-29,-1.892372,2
2018-09-30,-2.839155,2
2018-10-01,16.009103,2
2018-10-02,3.951553,2
2018-10-03,-6.471703,1
2018-10-04,-7.409326,2
2018-10-05,-10.262795,2
2018-10-06,-3.636312,2
2018-10-07,4.177675,1
2018-10-09,5.261939,2
2018-10-10,5.988740,1
2018-10-11,-5.887634,2
2018-10-12,3.100000,1
2018-10-13,3.400406,2
2018-10-14,6.355799,2
2018-10-15,-2.496600,2
2018-10-16,1.681749,2
2018-10-17,0.496788,1
2018-10-18,12.943406,1
2018-10-19,11.210314,2
2018-10-20,10.443951,2
2018-10-21,18.981213,2
2018-10-22,4.284028,2
2018-10-23,-6.757832,2
2018-10-24,15.035380,2
2018-10-25,8.594382,2
2018-10-26,7.006275,2
2018-10-27,13.147184,2
2018-10-28,13.503986,1
2018-10-29,3.088204,1
2018-10-30,0.758255,1
2018-10-31,-9.158712,1
2018-11-01,11.002993,2
2018-11-02,7.172602,1
2018-11-03,-2.120525,1
2018-11-05,22.600000,1
2018-11-06,10.618527,1
2018-11-07,5.728229,2
2018-11-08,10.635924,1
2018-11-09,4.084398,1
2018-11-10,10.657502,2
2018-11-11,8.075424,1
2018-11-14,-6.717047,1
2018-11-16,24.481232,2
2018-11-17,21.516971,2
2018-11-18,20.600000,1
2018-11-19,10.241278,1
2018-11-20,17.726540,1
2018-11-21,12.113135,1
2018-11-22,3.269386,1
2018-11-23,7.470556,2
2018-11-24,8.200000,1
2018-11-25,10.190617,2
2018-11-26,13.909332,1
2018-11-27,21.764251,1
2018-11-28,12.575456,2
2018-11-29,13.557598,2
2018-11-30,14.254221,2
2018-12-01,4.749476,1
2018-12-02,11.929184,2
2018-12-03,20.508903,2
2018-12-04,17.160987,2
2018-12-05,11.691370,1
2018-12-06,4.141659,1
2018-12-07,10.478907,2
2018-12-08,11.956568,2
2018-12-09,9.158712,1
2018-12-10,20.287040,1
2018-12-11,15.341398,1
2018-12-12,10.143520,1
2018-12-13,6.034679,2
2018-12-15,18.324006,1
2018-12-16,16.249328,1
2018-12-17,19.762898,2
2018-12-18,17.384313,1
2018-12-19,19.351876,2
2018-12-20,16.437213,1
2018-12-21,12.374369,1
2018-12-22,12.296400,2
2018-12-23,16.120062,2
2018-12-24,15.092350,2
2018-12-25,15.915752,2
2018-12-26,18.728460,2
2018-12-27,18.711347,1
2018-12-28,18.961705,2
2018-12-29,14.900000,1
2018-12-30,16.437213,1
2018-12-31,13.548248,2
2019-01-01,13.400000,1
2019-01-02,12.687272,2
2019-01-03,10.244351,2
2019-01-04,8.451851,2
2019-01-05,14.444897,2
2019-01-06,18.134480,2
2019-01-07,14.650000,2
2019-01-08,18.628825,2
2019-01-09,19.015752,2
2019-01-10,18.807438,2
2019-01-11,18.892861,2
2019-01-12,14.843301,2
2019-01-13,13.045221,2
2019-01-14,13.935030,2
2019-01-15,15.416704,2
2019-01-16,22.110805,2
2019-01-17,22.100000,1
2019-01-18,10.914962,1
2019-01-19,5.078743,1
2019-01-20,10.899749,2
2019-01-21,14.181232,1
2019-01-23,17.582820,2
2019-01-24,16.393332,2
2019-01-25,19.000671,2
2019-01-26,10.192373,2
2019-01-27,14.633776,2
2019-01-28,13.236093,2
2019-01-29,9.950267,2
2019-01-30,6.299319,1
2019-01-31,3.075914,2
2019-02-01,10.695341,2
2019-02-02,7.808527,2
2019-02-03,4.831307,2
2019-02-04,11.755097,1
2019-02-05,14.705498,2
2019-02-06,10.949611,2
2019-02-07,14.673636,1
2019-02-08,10.260805,1
2019-02-09,14.594252,2
2019-02-10,15.574664,2
2019-02-11,10.800000,2
2019-02-12,8.881816,1
2019-02-13,19.850725,2
2019-02-14,20.217777,2
2019-02-15,17.721651,2
2019-02-16,19.883603,2
2019-02-17,19.500000,1
2019-02-18,19.000000,1
2019-02-19,12.652784,2
2019-02-20,2.493546,2
2019-02-21,7.082640,2
2019-02-22,10.579854,2
2019-02-23,12.075050,2
2019-02-24,13.735678,2
2019-02-25,10.489001,2
2019-02-26,6.011185,2
2019-02-27,13.096147,2
2019-02-28,14.940426,2
2019-03-01,16.479775,2
2019-03-02,23.208578,2
2019-03-03,21.829924,1
2019-03-04,19.123094,1
2019-03-05,26.897257,2
2019-03-06,23.310956,2
2019-03-07,18.573321,2
2019-03-08,16.885500,2
2019-03-09,13.557598,2
2019-03-10,12.460443,1
2019-03-11,21.346961,1
2019-03-12,16.201385,2
2019-03-13,11.334140,2
2019-03-14,15.602288,2
2019-03-15,19.734814,2
2019-03-16,25.475050,2
2019-03-17,17.386665,1
2019-03-18,8.870709,2
2019-03-19,16.817996,2
2019-03-20,12.099209,2
2019-03-21,8.110435,2
2019-03-22,10.649783,2
2019-03-23,16.387403,2
2019-03-24,16.112051,2
2019-03-25,16.447519,2
2019-03-26,12.943406,1
2019-03-27,11.818919,2
2019-03-28,15.918396,2
2019-03-29,18.117068,2
2019-03-30,16.420739,2
2019-03-31,15.302562,2
2019-04-01,17.726540,2
2019-04-02,14.330602,2
2019-04-03,11.851657,2
2019-04-04,9.256418,1
2019-04-05,12.033732,2
2019-04-06,13.961934,2
2019-04-07,20.029154,2
2019-04-08,26.596424,2
2019-04-09,19.440517,2
2019-04-10,10.300092,2
2019-04-11,11.279451,2
2019-04-12,7.636753,1
2019-04-13,12.823713,2
2019-04-14,11.800000,1
2019-04-15,14.321453,2
2019-04-16,5.510296,2
2019-04-17,4.177860,2
2019-04-18,9.064974,2
2019-04-19,18.927699,1
2019-04-20,18.352591,1
2019-04-21,15.774507,2
2019-04-22,16.547248,2
2019-04-23,15.296265,2
2019-04-24,11.880888,1
2019-04-25,12.509417,2
2019-04-26,15.092350,2
2019-04-27,10.406568,2
2019-04-28,10.347028,2
2019-04-29,12.460443,1
2019-04-30,17.234136,1
2019-05-01,18.051674,2
2019-05-02,15.246368,2
2019-05-03,10.779897,2
2019-05-04,19.070378,2
2019-05-05,17.433407,1
2019-05-06,17.219848,1
2019-05-07,16.437213,1
2019-05-08,16.430193,2
2019-05-09,16.835198,2
2019-05-10,15.673553,2
2019-05-11,11.800000,1
2019-05-12,14.361182,2
2019-05-13,14.384443,2
2019-05-14,12.704020,1
2019-05-15,9.738994,2
2019-05-16,12.579451,2
2019-05-17,13.896012,2
2019-05-18,11.128328,1
2019-05-19,16.662221,2
2019-05-20,12.704020,1
2019-05-21,14.941113,1
2019-05-23,11.419478,2
2019-05-24,10.999736,2
2019-05-25,11.171728,1
2019-05-26,15.971070,2
2019-05-27,23.100000,1
2019-05-28,17.844553,2
2019-05-30,13.147184,2
2019-05-31,16.686125,2
2019-06-01,17.931505,1
2019-06-02,17.972741,2
2019-06-03,13.426369,1
2019-06-04,12.066664,2
2019-06-05,11.377422,2
2019-06-06,11.591410,2
2019-06-07,12.723284,2
2019-06-08,14.476674,2
2019-06-09,12.153677,2
2019-06-10,17.162898,2
2019-06-11,24.700000,1
2019-06-12,6.029897,2
2019-06-13,13.277409,2
2019-06-14,14.317311,2
2019-06-15,1.694037,2
2019-06-16,10.480395,2
2019-06-17,14.427434,2
2019-06-18,13.426369,1
2019-06-19,7.851956,2
2019-06-20,13.417485,2
2019-06-21,12.943406,1
2019-06-22,17.234136,1
2019-06-23,18.362126,2
2019-06-24,16.966423,2
2019-06-25,10.910935,2
2019-06-26,14.600598,2
2019-06-27,13.138640,2
2019-06-28,8.719968,2
2019-06-29,8.428662,1
2019-06-30,4.645668,2
2019-07-01,-4.519662,2
2019-07-02,1.153122,2
2019-07-03,12.078500,2
2019-07-04,7.975643,2
2019-07-05,15.934273,2
2019-07-06,20.082376,2
2019-07-07,17.701851,2
2019-07-08,13.548157,2
2019-07-09,17.480338,2
2019-07-10,15.092350,2
2019-07-11,14.271758,2
2019-07-12,7.631899,2
2019-07-13,5.400000,1
2019-07-14,12.526162,2
2019-07-15,4.981702,2
2019-07-16,7.884878,1
2019-07-17,14.825622,2
2019-07-18,19.689951,2
2019-07-19,11.090444,2
2019-07-20,13.761114,2
2019-07-21,20.818678,2
2019-07-22,7.336037,2
2019-07-23,12.253195,1
2019-07-24,10.431999,1
2019-07-25,9.138726,2
2019-07-26,14.427434,2
2019-07-27,11.444186,2
2019-07-28,17.500000,2
2019-07-29,7.342025,2
2019-07-30,-1.341997,2
2019-07-31,10.112488,2
2019-08-01,8.734198,2
2019-08-02,19.147011,2
2019-08-03,17.005517,2
2019-08-04,8.189417,2
2019-08-05,10.197060,2
2019-08-06,16.313540,2
2019-08-07,14.803714,2
2019-08-08,12.900710,2
2019-08-09,9.334970,1
2019-08-10,8.353460,2
2019-08-11,19.726295,2
2019-08-12,15.465678,2
2019-08-13,5.403619,2
2019-08-14,5.146758,2
2019-08-15,9.545480,2
2019-08-16,-0.625133,1
2019-08-17,5.631904,2
2019-08-18,14.235325,2
2019-08-19,13.006568,2
2019-08-20,10.937922,2
2019-08-21,14.221720,2
2019-08-22,12.943406,1
2019-08-23,5.914727,2
2019-08-24,7.022641,2
2019-08-25,0.882793,2
2019-08-26,6.736972,2
2019-08-27,8.928057,2
2019-08-28,10.143524,2
2019-08-29,8.664631,2
2019-08-30,9.665994,1
2019-08-31,12.365900,2
2019-09-01,14.859279,2
2019-09-02,14.294414,2
2019-09-03,14.896815,2
2019-09-04,14.786818,2
2019-09-05,12.318888,2
2019-09-06,2.889973,2
2019-09-07,-0.338311,2
2019-09-08,12.250813,2
2019-09-09,10.526104,2
2019-09-10,1.884050,2
2019-09-11,0.100386,2
2019-09-12,9.075545,2
2019-09-13,9.232191,2
2019-09-14,7.670699,1
2019-09-15,2.011073,2
2019-09-16,13.321294,2
2019-09-17,18.000000,1
2019-09-18,16.887495,1
2019-09-19,13.420389,2
2019-09-20,5.094237,2
2019-09-21,18.370761,2
2019-09-22,11.849139,2
2019-09-23,8.751372,2
2019-09-24,10.655333,2
2019-09-25,12.639733,1
2019-09-26,0.718242,1
2019-09-27,-0.758255,1
2019-09-28,15.157301,2
2019-09-29,14.074400,2
2019-09-30,-0.085551,2
2019-10-01,3.076885,2
2019-10-02,3.852740,1
2019-10-03,14.219022,2
2019-10-04,22.288498,2
2019-10-05,5.824762,2
2019-10-06,0.338775,2
2019-10-07,10.733105,2
2019-10-08,8.062898,2
2019-10-09,-1.965175,2
2019-10-10,6.087700,2
2019-10-11,10.104921,2
2019-10-12,5.617439,2
2019-10-13,5.897895,1
2019-10-14,9.707555,2
2019-10-15,5.312328,2
2019-10-16,2.115180,2
2019-10-17,11.826268,2
2019-10-18,11.177861,2
2019-10-19,11.755097,2
2019-10-20,6.833914,2
2019-10-21,8.383717,2
2019-10-22,8.983110,1
2019-10-23,9.800000,1
2019-10-24,2.704022,2
2019-10-25,6.133681,2
2019-10-26,6.271381,2
2019-10-27,5.334261,1
2019-10-28,-8.403555,1
2019-10-29,5.451776,1
2019-10-30,6.880476,2
2019-10-31,10.561017,2
2019-11-01,2.620233,1
2019-11-02,9.422347,1
2019-11-03,8.087516,2
2019-11-04,12.590733,2
2019-11-05,7.449581,2
2019-11-06,7.377811,2
2019-11-07,13.397835,2
2019-11-08,9.107375,2
2019-11-09,3.143998,2
2019-11-10,4.515738,2
2019-11-11,6.620712,1
2019-11-12,8.454753,2
2019-11-13,8.428662,1
2019-11-14,9.669059,2
2019-11-15,9.891555,2
2019-11-16,8.075424,1
2019-11-17,5.151046,2
2019-11-18,0.554911,2
2019-11-19,0.583943,1
2019-11-20,-0.766044,1
2019-11-21,-2.064875,1
2019-11-22,-8.666894,1
2019-11-23,7.085911,2
2019-11-24,15.900000,1
2019-11-25,10.800000,1
2019-11-26,12.244414,2
2019-11-27,13.689340,2
2019-11-28,2.408924,1
2019-11-29,4.416730,1
2019-11-30,9.257279,2
2019-12-01,10.317485,2
2019-12-02,11.128328,1
2019-12-03,13.976316,2
2019-12-04,9.651116,1
2019-12-05,6.638420,2
2019-12-06,8.818825,2
2019-12-07,5.650000,1
2019-12-08,8.567827,1
2019-12-09,10.976637,1
2019-12-10,1.672314,2
2019-12-11,0.380685,2
2019-12-12,10.542056,2
2019-12-13,9.300000,1
2019-12-16,12.178183,2
2019-12-17,5.907837,1
2019-12-18,1.072016,2
2019-12-19,-6.127574,2
2019-12-20,2.233933,2
2019-12-21,-8.515118,2
2019-12-22,-6.768202,1
2019-12-23,-1.962224,1
2019-12-24,-5.655743,2
2019-12-25,6.696146,2
2019-12-26,2.677406,2
2019-12-27,10.179074,2
2019-12-28,7.187371,2
2019-12-29,3.112372,2
2019-12-30,8.273280,1
2019-12-31,8.651374,2
2020-01-01,9.158712,1
2020-01-02,12.300000,2
2020-01-03,6.248053,2
2020-01-04,14.181232,2
2020-01-05,12.731072,2
2020-01-06,8.919066,2
2020-01-07,5.444722,1
2020-01-08,1.379085,2
2020-01-09,5.638597,2
2020-01-10,3.140782,1
2020-01-11,11.795789,1
2020-01-12,3.382575,2
2020-01-13,-1.250267,1
2020-01-14,-1.901319,2
2020-01-15,-3.360040,2
2020-01-16,-5.678310,1
2020-01-17,7.438628,2
2020-01-18,0.929143,2
2020-01-19,7.618114,1
2020-01-20,11.171728,1
2020-01-21,2.579638,2
2020-01-22,-4.432330,2
2020-01-23,-7.140567,2
2020-01-24,10.098031,2
2020-01-25,-1.979214,2
2020-01-26,1.780761,2
2020-01-28,-1.863497,1
2020-01-29,-1.732735,1
2020-01-30,4.459348,2
2020-01-31,-0.126250,2
2020-02-01,3.727953,2
2020-02-02,2.821962,2
2020-02-03,-0.092873,2
2020-02-04,2.054143,2
2020-02-05,-2.219599,2
2020-02-06,-2.913047,2
2020-02-07,-0.692472,2
2020-02-08,6.553027,2
2020-02-09,13.531574,1
2020-02-10,5.160980,2
2020-02-11,1.838478,1
2020-02-12,-1.561646,2
2020-02-13,-1.163443,1
2020-02-14,3.525885,2
2020-02-15,4.809138,2
2020-02-16,3.637607,2
2020-02-17,4.510759,2
2020-02-18,7.225477,2
2020-02-19,1.427333,2
2020-02-20,-0.797572,2
2020-02-21,-3.523804,1
2020-02-22,-0.000000,1
2020-02-23,0.318450,2
2020-02-24,0.222209,2
2020-02-25,4.774798,2
2020-02-26,8.983110,1
2020-02-27,4.562174,2
2020-02-28,1.169411,2
2020-02-29,-2.604096,2
2020-03-01,-1.150000,2
2020-03-02,3.217258,2
2020-03-03,-7.614385,2
2020-03-04,-1.675000,2
2020-03-06,-3.357216,2
2020-03-07,3.355696,2
2020-03-08,-1.900609,2
2020-03-09,-0.607977,2
2020-03-10,2.135366,2
2020-03-11,0.752164,2
2020-03-12,1.926370,2
2020-03-13,3.478122,2
2020-03-14,11.514839,2
2020-03-15,2.761757,2
2020-03-16,0.129702,2
2020-03-17,-12.470766,1
2020-03-18,-4.650000,1
2020-03-19,-1.447174,2
2020-03-20,5.613404,1
2020-03-21,4.895540,2
2020-03-22,-2.016721,2
2020-03-24,0.151018,2
2020-03-25,4.625189,2
2020-03-26,-4.231104,2
2020-03-27,-6.537631,2
2020-03-28,-4.119686,2
2020-03-29,-3.061402,2
2020-03-30,4.428580,2
2020-03-31,0.681950,2
2020-04-01,-4.260093,2
2020-04-02,1.413409,2
2020-04-03,0.580586,2
2020-04-04,-0.718242,1
2020-04-05,1.608693,1
2020-04-06,8.168797,1
2020-04-07,0.222247,2
2020-04-08,1.734088,1
2020-04-09,-8.406165,2
2020-04-10,-13.782770,2
2020-04-11,-11.742736,2
2020-04-12,-7.001583,2
2020-04-13,-8.826483,2
2020-04-14,-10.438575,2
2020-04-15,2.064875,1
2020-04-16,1.449569,2
2020-04-17,-1.475269,1
2020-04-18,-10.704428,2
2020-04-19,-11.161515,2
2020-04-20,-0.543546,2
2020-04-21,7.077567,2
2020-04-22,-3.249793,2
2020-04-23,-4.350000,1
2020-04-24,-5.988740,1
2020-04-25,2.600242,2
2020-04-26,3.790509,2
2020-04-27,5.444722,1
2020-04-29,-1.604623,2
2020-04-30,7.670699,1
2020-05-01,10.976637,1
2020-05-02,-4.384062,1
2020-05-03,-15.768572,2
2020-05-04,-11.834562,2
2020-05-05,2.182018,2
2020-05-06,-1.955131,2
2020-05-07,-7.232369,2
2020-05-08,-4.399865,2
2020-05-09,-4.416730,2
2020-05-10,-8.027690,1
2020-05-11,-6.832414,2
2020-05-12,-6.956569,2
2020-05-13,6.212262,2
2020-05-14,0.034690,2
2020-05-15,11.365831,2
2020-05-16,8.403555,1
2020-05-17,-4.815047,2
2020-05-18,12.037753,1
2020-05-19,3.540145,2
2020-05-20,0.444494,1
2020-05-21,-4.881354,2
2020-05-22,0.366274,2
2020-05-23,2.334583,2
2020-05-24,-3.454850,2
2020-05-25,-1.439802,2
2020-05-26,-1.057133,2
2020-05-27,-7.172602,1
2020-05-28,-5.508680,2
2020-05-29,2.092009,1
2020-05-30,1.550000,1
2020-05-31,0.937578,2
2020-06-01,-2.899138,1
2020-06-02,20.396839,2
2020-06-03,12.990616,2
2020-06-04,8.437266,1
2020-06-05,-4.792432,1
2020-06-06,0.954716,2
2020-06-07,-3.983717,1
2020-06-08,3.813717,2
2020-06-09,-17.318020,2
2020-06-10,-23.012098,1
2020-06-11,4.248515,2
2020-06-12,5.282407,2
2020-06-13,-6.765787,1
2020-06-14,1.738811,2
2020-06-15,7.636753,1
2020-06-16,-5.793765,2
2020-06-17,8.204920,2
2020-06-18,11.580834,2
2020-06-19,14.601087,2
2020-06-20,6.471703,1
2020-06-21,18.598945,2
2020-06-22,19.500000,1
2020-06-23,15.937776,1
2020-06-24,13.426369,1
2020-06-25,8.068710,2
2020-06-26,0.838691,2
2020-06-27,8.495088,2
2020-06-28,10.702840,2
2020-06-29,7.434676,2
2020-06-30,11.072942,2
2020-07-01,4.893044,2
2020-07-02,6.099796,2
2020-07-03,6.712244,2
2020-07-04,9.525456,2
2020-07-05,8.608369,2
2020-07-07,4.388541,2
2020-07-08,10.791794,2
2020-07-09,9.466073,1
2020-07-10,18.416691,2
2020-07-11,8.397596,2
2020-07-12,2.922133,2
2020-07-13,6.924138,2
2020-07-14,10.156568,2
2020-07-15,11.866933,2
2020-07-16,10.260805,2
2020-07-17,5.022520,1
2020-07-18,4.709592,2
2020-07-19,2.511260,2
2020-07-20,5.444216,2
2020-07-21,-0.876420,2
2020-07-22,11.705564,2
2020-07-23,17.205011,2
2020-07-24,12.591881,1
2020-07-25,19.195619,2
2020-07-26,12.253195,1
2020-07-27,11.602624,2
2020-07-28,12.552053,2
2020-07-29,12.109205,2
2020-07-30,5.122425,2
2020-07-31,4.401623,2
2020-08-01,5.833525,2
2020-08-02,7.377811,2
2020-08-03,5.808137,2
2020-08-04,15.471703,2
2020-08-05,13.968527,2
2020-08-06,1.228728,1
2020-08-07,18.678651,2
2020-08-08,13.935030,2
2020-08-09,11.840444,2
2020-08-10,12.418207,2
2020-08-11,4.030509,1
2020-08-12,9.452010,2
2020-08-13,9.800076,2
2020-08-14,4.103124,2
2020-08-15,9.280325,2
2020-08-16,7.126984,2
2020-08-17,9.883485,2
2020-08-18,9.353074,1
2020-08-19,12.564874,2
2020-08-20,10.540967,2
2020-08-21,14.348807,2
2020-08-22,17.116915,2
2020-08-23,5.842447,2
2020-08-24,12.742309,2
2020-08-25,6.298420,2
2020-08-26,4.018190,2
2020-08-27,10.300000,1
2020-08-28,10.909512,2
2020-08-29,15.358221,1
2020-08-30,15.827722,2
2020-08-31,10.538379,2
2020-09-01,8.625162,2
2020-09-02,14.548212,2
2020-09-03,14.094314,2
2020-09-04,15.423163,2
2020-09-05,19.724655,2
2020-09-06,17.318968,2
2020-09-07,9.778495,2
2020-09-08,7.599271,2
2020-09-09,12.309973,2
2020-09-10,17.000000,1
2020-09-11,14.410294,1
2020-09-12,12.291239,2
2020-09-13,14.655783,2
2020-09-14,15.499921,2
2020-09-15,11.251714,2
2020-09-16,5.505777,1
2020-09-17,10.833487,2
2020-09-18,13.557157,2
2020-09-19,1.071413,2
2020-09-20,12.337857,2
2020-09-22,5.139242,2
2020-09-23,7.699951,2
2020-09-24,7.187371,2
2020-09-25,11.866933,2
2020-09-26,21.600000,1
2020-09-27,18.883850,2
2020-09-28,16.851002,2
2020-09-29,10.104921,2
2020-09-30,6.105808,2
2020-10-01,3.670334,2
2020-10-02,8.920062,2
2020-10-03,8.676248,2
2020-10-04,8.122488,2
2020-10-05,17.451805,2
2020-10-06,17.869628,1
2020-10-07,11.784054,2
2020-10-08,11.128328,1
2020-10-09,10.768941,2
2020-10-10,12.895110,2
2020-10-11,16.692491,2
2020-10-12,19.143520,2
2020-10-13,14.119701,2
2020-10-14,11.869733,2
2020-10-15,10.431999,1
2020-10-16,12.813166,2
2020-10-17,13.621603,2
2020-10-18,12.757036,2
2020-10-19,11.998219,2
2020-10-20,8.194526,2
2020-10-21,8.918157,2
2020-10-22,18.095720,2
2020-10-23,22.100000,1
2020-10-24,16.809472,2
2020-10-25,16.130117,2
2020-10-26,16.376981,2
2020-10-27,13.688828,1
2020-10-28,15.149134,2
2020-10-29,17.173937,2
2020-10-30,21.154318,2
2020-10-31,18.429602,1
2020-11-01,17.868452,2
2020-11-02,15.407232,1
2020-11-03,14.329715,2
2020-11-04,16.500000,1
2020-11-05,16.138354,2
2020-11-06,14.011322,2
2020-11-07,12.900000,1
2020-11-08,12.067041,2
2020-11-09,8.371395,2
2020-11-10,9.502164,2
2020-11-11,6.734506,2
2020-11-12,10.673480,2
2020-11-13,8.416109,2
2020-11-14,20.747288,2
2020-11-15,20.100000,1
2020-11-16,18.025273,2
2020-11-17,15.400000,1
2020-11-18,14.028972,2
2020-11-19,16.665723,2
2020-11-21,17.500000,1
2020-11-22,17.869628,1
2020-11-23,13.001793,2
2020-11-24,13.362094,2
2020-11-25,14.181232,1
2020-11-26,19.882126,2
2020-11-27,17.823329,2
2020-11-28,10.370122,2
2020-11-29,12.820639,2
2020-11-30,19.728359,2
2020-12-01,17.847142,2
2020-12-02,5.615286,2
2020-12-03,15.155445,1
2020-12-04,8.973447,2
2020-12-05,8.214931,2
2020-12-06,7.781944,2
2020-12-07,11.558219,1
2020-12-08,7.400558,2
2020-12-09,10.260805,1
2020-12-10,10.635924,1
2020-12-11,19.415109,1
2020-12-12,22.385802,1
2020-12-13,13.676850,2
2020-12-14,8.934748,1
2020-12-15,9.136568,2
2020-12-16,14.673636,1
2020-12-17,13.701993,2
2020-12-18,16.249328,1
2020-12-19,12.341229,2
2020-12-20,7.650974,2
2020-12-21,7.819594,2
2020-12-22,7.442962,2
2020-12-23,8.343860,1
2020-12-24,14.884874,2
2020-12-25,14.263218,2
2020-12-27,14.954078,1
2020-12-28,5.008925,2
2020-12-29,3.338366,2
2020-12-30,6.624808,2
2020-12-31,8.175326,1
