Harmonic_n,Frequency_Hz_per_year,Period_years,a_n_cos,b_n_sin
1,0.007272727272727273,137.5,0.26994771412402996,-0.01013766041519698
2,0.014545454545454545,68.75,1.4802645965943564,-1.3004115122372
3,0.02181818181818182,45.833333333333336,-0.15510384279000328,0.1760726198019374
4,0.02909090909090909,34.375,-0.174270573293703,0.23744970747234478
5,0.03636363636363636,27.5,-0.12444008734887411,-0.36978140904993506
6,0.04363636363636364,22.916666666666668,0.1216192878210619,0.29944297193570035
7,0.05090909090909091,19.642857142857142,0.16045131778092264,-0.206028387475649
8,0.05818181818181818,17.1875,0.06246573064555762,-0.36439132310413413
9,0.06545454545454546,15.277777777777779,0.17758826417193146,-0.0920338706848824
10,0.07272727272727272,13.75,0.2910065716424751,0.16988043166485756
11,0.08,12.5,-0.09909181363627881,0.07694519825692558
12,0.08727272727272728,11.458333333333334,0.08769513109390947,0.1438134782471026
13,0.09454545454545454,10.576923076923077,0.06311657477553806,0.095733083800624
14,0.10181818181818182,9.821428571428571,-0.3038563333578476,0.028883121318349303
15,0.10909090909090909,9.166666666666666,-0.46106400858439467,0.3775314420693663
16,0.11636363636363636,8.59375,0.21106363612194617,-0.2664605488895009
17,0.12363636363636364,8.088235294117647,0.027066817847156255,-0.11827152550256625
18,0.13090909090909092,7.638888888888889,0.07523379364854796,-0.25024571328563816
19,0.13818181818181818,7.2368421052631575,-0.26647222238739154,0.22429774923993984
20,0.14545454545454545,6.875,-0.01622240947510703,-0.027703176051772638
21,0.15272727272727274,6.5476190476190474,-0.0018486106595125007,0.14861928928111415
22,0.16,6.25,-0.13618456978011176,-0.06259466642592182
23,0.16727272727272727,5.978260869565218,0.2757034197752156,-0.05770969624394098
24,0.17454545454545456,5.729166666666667,0.043569886912261546,0.1295759184331074
25,0.18181818181818182,5.5,-0.09988614625255715,-0.23753892319133002
26,0.1890909090909091,5.288461538461538,0.20374900580686095,-0.22290114972095232
27,0.19636363636363635,5.092592592592593,-0.04192632593664991,0.13489108111547757
28,0.20363636363636364,4.910714285714286,-0.12289053268352224,-0.022894242986235547
29,0.2109090909090909,4.741379310344827,-0.123929983899501,-0.1624842696482413
30,0.21818181818181817,4.583333333333333,-0.15466553618029388,-0.1658701023791682
31,0.22545454545454546,4.435483870967742,-0.05145682163235968,-0.20477097267634123
32,0.23272727272727273,4.296875,0.10240070967833328,-0.2057459645840926
33,0.24,4.166666666666667,-0.16664197267568284,0.053161495559951144
